conditionId,question,slug,category,settled,winner,both_sides,buy_yes_cost,buy_no_cost,buy_yes_size,buy_no_size,net_yes,net_no,avg_p_yes,avg_p_no,combined_price,hedged_size,arb_per_unit,directional_side,directional_size,directional_price,sell_revenue,pnl_arb,pnl_direction,pnl_residual,pnl_total
0x89c56afa2d5c82bb30a57563f37e4171de51d8c4121a9a06ad9ca0ffc6b4de78,"Ethereum Up or Down - February 13, 3:30AM-3:45AM ET",eth-updown-15m-1770971400,crypto,False,,True,439.94,165.28,812.55,561.3,812.55,561.3,0.5414,0.2945,0.8359,561.3,0.1641,yes,251.25,0.5414,0,92.11,,,
0x6191129cb10edf987b1bb53a835a50805053d649988bc9f5777e4a60f2205a19,"Bitcoin Up or Down - February 13, 3:40AM-3:45AM ET",btc-updown-5m-1770972000,crypto,False,,True,259.87,20.04,449.23,37.12,449.23,37.12,0.5785,0.54,1.1185,37.12,-0.1185,yes,412.11,0.5785,0,-4.4,,,
0xf7a2fbf9cd8e750086069f31827a4f601f10d3a4522d56c70f92acab813cad41,"Solana Up or Down - February 13, 3AM ET",solana-up-or-down-february-13-3am-et,crypto,False,,True,402.18,146.98,482.0,429.77,482.0,429.77,0.8344,0.342,1.1764,429.77,-0.1764,yes,52.23,0.8344,0,-75.81,,,
0xaed4c50ed98c6d18b741916b4576035156b948b87b168dba9cba24168053979c,"Bitcoin Up or Down - February 13, 3:30AM-3:45AM ET",btc-updown-15m-1770971400,crypto,False,,True,361.55,141.71,591.15,500.04,591.15,500.04,0.6116,0.2834,0.895,500.04,0.105,yes,91.11,0.6116,0,52.51,,,
0x04a702ae3250972991f74be2ec2440806a100d3f6dfaf6a89c5a8e19859adfa0,"Bitcoin Up or Down - February 13, 3:35AM-3:40AM ET",btc-updown-5m-1770971700,crypto,False,,True,126.71,103.68,199.71,201.2,199.71,100.2,0.6345,0.5153,1.1498,100.2,-0.1498,yes,99.51,0.6345,32.86,-15.01,,,
0xc24cd07c50aa05b360dd5bf8472d21c23c7e1531fe058f66127b361fbdd7e3f0,"Bitcoin Up or Down - February 13, 3:30AM-3:35AM ET",btc-updown-5m-1770971400,crypto,False,,False,73.14,0,207.04,0,207.04,-0.43,0.3533,0,,0,,yes,207.04,0.3533,0.15,0,,,
0x8b5d0f8304291c2703414bda0563ca98ec3f935a0df9b59b0a2543033c2ba087,"Bitcoin Up or Down - February 13, 3:25AM-3:30AM ET",btc-updown-5m-1770971100,crypto,False,,True,422.05,12.01,723.11,229.7,723.11,229.7,0.5837,0.0523,0.636,229.7,0.364,yes,493.41,0.5837,0,83.62,,,
0x25886cce7949de1cc8117a2ff29690ccc52fd0f8f8c69b47f642b5b2485363b9,"Ethereum Up or Down - February 13, 3AM ET",ethereum-up-or-down-february-13-3am-et,crypto,False,,True,262.87,30.79,444.42,239.0,444.42,239.0,0.5915,0.1288,0.7203,239.0,0.2797,yes,205.42,0.5915,0,66.84,,,
0x4ae24fa24bbf924eac47de7bd8c2ea593f3c09c660d4b60f0a464351d7b3400b,"Bitcoin Up or Down - February 13, 3:15AM-3:30AM ET",btc-updown-15m-1770970500,crypto,False,,True,768.44,367.07,1338.85,1647.0,1338.85,-361.4,0.574,0.2229,0.7968,0,0.2032,yes,1338.85,0.574,551.65,0,,,
0xddb4da01e8b9298bca7b3159ff9224486ab9e7b8f0da2000860f7ed43ad66265,"Ethereum Up or Down - February 13, 3:15AM-3:30AM ET",eth-updown-15m-1770970500,crypto,False,,True,269.98,226.5,530.36,573.95,424.36,280.12,0.5091,0.3946,0.9037,280.12,0.0963,yes,144.24,0.5091,167.57,26.98,,,
0x46de09171efabc116de5cb944f014790526608535c6755e427e707e76dd6f0ea,"Bitcoin Up or Down - February 13, 3:20AM-3:25AM ET",btc-updown-5m-1770970800,crypto,False,,True,215.68,117.16,358.54,202.0,358.54,101.0,0.6015,0.58,1.1815,101.0,-0.1815,yes,257.54,0.6015,42.42,-18.34,,,
0x167922c33de6fbf06b4281e56766a3933788d110f21c6c503f9bc7255c5216c2,"Bitcoin Up or Down - February 13, 3:15AM-3:20AM ET",btc-updown-5m-1770970500,crypto,False,,True,67.56,246.13,125.01,477.94,125.01,459.54,0.5404,0.515,1.0554,125.01,-0.0554,no,334.53,0.515,8.28,-6.92,,,
0xbce01fa6b9a5823661de8d84afe23a0a97da0e88f030032fc9cb999b8523793d,"Bitcoin Up or Down - February 13, 3:10AM-3:15AM ET",btc-updown-5m-1770970200,crypto,False,,True,340.49,5.42,604.75,13.3,604.75,13.3,0.563,0.4075,0.9705,13.3,0.0295,yes,591.45,0.563,0,0.39,,,
0x95161e1f391213ebf4478cbf05df7c079b29b7bf0e5b97a920a6fd2a8de87f6c,"Ethereum Up or Down - February 13, 3:00AM-3:15AM ET",eth-updown-15m-1770969600,crypto,False,,True,374.71,119.17,636.39,492.12,636.39,492.12,0.5888,0.2422,0.831,492.12,0.169,yes,144.27,0.5888,0,83.18,,,
0xb7a04e484a4e0f4708f5b8ac0f26a08bdbc08c462cf25c1b15391252b5037320,"Bitcoin Up or Down - February 13, 3:00AM-3:15AM ET",btc-updown-15m-1770969600,crypto,False,,True,118.0,329.52,236.0,1727.69,236.0,1677.96,0.5,0.1907,0.6907,236.0,0.3093,no,1441.96,0.1907,6.62,72.99,,,
0xf89c41e9f05f20ff5306ea62480a106c89442bde40eca2507df7b72505374391,"Bitcoin Up or Down - February 13, 3:05AM-3:10AM ET",btc-updown-5m-1770969900,crypto,False,,True,127.84,35.2,158.13,272.0,158.13,122.01,0.8085,0.1294,0.9379,122.01,0.0621,yes,36.12,0.8085,42.27,7.58,,,
0x22591d8fa7de00d6045d932d57b5e8d17805ae706d996e9f7ccdc4807f22ae67,"Bitcoin Up or Down - February 13, 3:00AM-3:05AM ET",btc-updown-5m-1770969600,crypto,False,,True,46.75,8.1,86.58,27.0,86.58,27.0,0.54,0.3,0.84,27.0,0.16,yes,59.58,0.54,0,4.32,,,
0xfbea880ea255ca7f5132022afbf5a07da03ee289840fc555fb8f5ecc284af147,"Bitcoin Up or Down - February 13, 3AM ET",bitcoin-up-or-down-february-13-3am-et,crypto,False,,False,29.16,0,54.0,0,54.0,0,0.54,0,,0,,yes,54.0,0.54,0,0,,,
0xb58b35f22e86d3d05dbd6854eadbc6d3e093e1a4e3a81d983039479ceaa13104,"Bitcoin Up or Down - February 13, 2:55AM-3:00AM ET",btc-updown-5m-1770969300,crypto,False,,True,7.52,227.78,217.16,362.02,217.16,362.02,0.0347,0.6292,0.6638,217.16,0.3362,no,144.86,0.6292,0,73.0,,,
0x287c2b592cdfcac870401c77dc0b85610cb57c9a3f64bacb953f172b1e5c96a7,"Ethereum Up or Down - February 13, 2:45AM-3:00AM ET",eth-updown-15m-1770968700,crypto,False,,True,233.49,77.31,411.72,273.59,411.72,273.59,0.5671,0.2826,0.8497,273.59,0.1503,yes,138.13,0.5671,0,41.12,,,
0x996ce3cb3fe2b585e93ad484e7263f396b19432e8c5b92f3972cb42878e327f4,"Ethereum Up or Down - February 13, 2AM ET",ethereum-up-or-down-february-13-2am-et,crypto,False,,True,685.85,1015.67,1401.92,2633.49,1401.92,2633.49,0.4892,0.3857,0.8749,1401.92,0.1251,no,1231.57,0.3857,0,175.38,,,
0x3beee638d2c0571c8e14f749fb7307b6675f50208c8edecd0168b11a7de5a5a4,"Bitcoin Up or Down - February 13, 2:45AM-3:00AM ET",btc-updown-15m-1770968700,crypto,False,,True,981.42,1889.28,1819.64,3988.96,1142.82,3702.86,0.5393,0.4736,1.013,1142.82,-0.013,no,2560.04,0.4736,410.89,-14.83,,,
0xbf3355046565c23ff95968a426e54b422fd2b93484bc9bd3c0cc61511fa9c8ea,"Bitcoin Up or Down - February 13, 2:50AM-2:55AM ET",btc-updown-5m-1770969000,crypto,False,,True,19.75,143.52,31.77,302.27,31.77,302.27,0.6216,0.4748,1.0964,31.77,-0.0964,no,270.5,0.4748,0,-3.06,,,
0x4da2b287d2acd0c7b4428fd6ec92b328b0600d4e245db7f3a4334cf232886be0,"Solana Up or Down - February 13, 2AM ET",solana-up-or-down-february-13-2am-et,crypto,False,,True,266.18,424.96,435.7,1074.32,435.7,1074.32,0.6109,0.3956,1.0065,435.7,-0.0065,no,638.62,0.3956,0,-2.82,,,
0xc924e3c068c9ccb6f79224604a2562a01a1c62e427e27747df8a6cc008693459,"Bitcoin Up or Down - February 13, 2:45AM-2:50AM ET",btc-updown-5m-1770968700,crypto,False,,True,396.95,568.43,642.61,1033.51,642.61,988.37,0.6177,0.55,1.1677,642.61,-0.1677,no,345.76,0.55,20.31,-107.78,,,
0xe0f6987b426eb5a16294951c8f42ab86132946abab558b0d9fad94473cefacea,"XRP Up or Down - February 13, 2AM ET",xrp-up-or-down-february-13-2am-et,crypto,False,,True,323.06,185.79,733.56,616.49,733.56,616.49,0.4404,0.3014,0.7418,616.49,0.2582,yes,117.07,0.4404,0,159.2,,,
0xd7c6cb3d28923df23d2c708504993e30ca2103c81f4f8c895c1a1f53857be30d,"Bitcoin Up or Down - February 13, 2:40AM-2:45AM ET",btc-updown-5m-1770968400,crypto,True,no,True,3.92,408.79,10.06,727.73,10.06,727.73,0.39,0.5617,0.9517,10.06,0.0483,no,717.67,0.5617,0,0.49,314.53,0.0,315.02
0x4e3ac7cd0a9830c2fd52be3e1e7e79f1466aa7207f95717ec98ccad33666fbe0,"Bitcoin Up or Down - February 13, 2AM ET",bitcoin-up-or-down-february-13-2am-et,crypto,True,no,True,1903.64,1321.99,3346.05,2859.92,3346.05,2859.92,0.5689,0.4622,1.0312,2859.92,-0.0312,yes,486.13,0.5689,0,-89.13,-276.57,0.0,-365.7
0xd3ab2bbb1b4b8d452c5162c34feedb9465580eefcb3b03fbaf6c807438daff66,"Ethereum Up or Down - February 13, 2:30AM-2:45AM ET",eth-updown-15m-1770967800,crypto,True,no,True,25.54,177.24,372.53,275.69,372.53,275.69,0.0685,0.6429,0.7115,275.69,0.2885,yes,96.84,0.0685,0,79.55,-6.64,-0.0,72.91
0x17ad78ca730d2d7e5d7bb53c754ef9bf7218a51f73dd164585f56bf55029572a,"Bitcoin Up or Down - February 13, 2:35AM-2:40AM ET",btc-updown-5m-1770968100,crypto,True,no,True,65.44,319.11,109.95,565.76,-92.05,464.76,0.5952,0.564,1.1592,0,-0.1592,no,464.76,0.564,130.29,0,202.62,7.88,210.5
0xdf79e8e1f4a6cec69c15b52877d75741caf757ee3e3c8e322927e262962efe61,"Bitcoin Up or Down - February 13, 2:30AM-2:45AM ET",btc-updown-15m-1770967800,crypto,True,no,True,40.01,886.01,311.21,1428.0,311.21,1428.0,0.1286,0.6205,0.749,311.21,0.251,no,1116.79,0.6205,0,78.11,423.87,-0.0,501.98
0x011ab78627b84181309c52ab25fa6fdfddaf43c743d3d63a00798f7c080319c0,"Bitcoin Up or Down - February 13, 2:30AM-2:35AM ET",btc-updown-5m-1770967800,crypto,True,no,False,0,665.97,0,1111.0,0,1111.0,0,0.5994,,0,,no,1111.0,0.5994,0,0,445.03,-0.0,445.03
0xca7c286748fb28c89627bf941069d4b1b6eab5fd326057553e5c6d0a91f0e31e,"Bitcoin Up or Down - February 13, 2:25AM-2:30AM ET",btc-updown-5m-1770967500,crypto,True,yes,False,0,445.55,0,788.21,0,788.21,0,0.5653,,0,,no,788.21,0.5653,0,0,-445.55,0.0,-445.55
0x7904ec530e259201365d9c094b3000e891efa1b125e4219de53e502bc0c6bfa0,"Ethereum Up or Down - February 13, 2:15AM-2:30AM ET",eth-updown-15m-1770966900,crypto,True,no,True,278.43,424.37,621.01,708.57,621.01,708.57,0.4484,0.5989,1.0473,621.01,-0.0473,no,87.56,0.5989,0,-29.35,35.12,-0.0,5.77
0x14a6df6f5b523abc848fbd3a01f80c90c7bb03e003b2f4d8900178e1c8a96a7d,"Bitcoin Up or Down - February 13, 2:15AM-2:30AM ET",btc-updown-15m-1770966900,crypto,True,no,True,633.46,236.99,1917.25,394.84,1186.25,394.84,0.3304,0.6002,0.9306,394.84,0.0694,yes,791.41,0.3304,225.81,27.4,-261.48,-15.71,-249.79
0xfcdf3e563a6d8da0f629ff055efb7dd938c3304eba289a65a0c5822ad990411a,"Bitcoin Up or Down - February 13, 2:20AM-2:25AM ET",btc-updown-5m-1770967200,crypto,True,no,True,164.31,564.27,269.1,952.96,168.1,573.96,0.6106,0.5921,1.2027,168.1,-0.2027,no,405.86,0.5921,198.65,-34.08,165.54,-87.43,44.04
0xa5addfc62632dde01e1edff382541dc5a1ab34539e1eb6aee9df1f5d9f9c346b,"Bitcoin Up or Down - February 13, 2:15AM-2:20AM ET",btc-updown-5m-1770966900,crypto,True,yes,True,589.82,227.23,1111.0,394.56,1067.3,394.56,0.5309,0.5759,1.1068,394.56,-0.1068,yes,672.74,0.5309,18.1,-42.13,315.59,-5.1,268.36
0x9db7f427af3effbd71a6b6ad9d684cb6e2a98b507d729e06abe8e79bd4580e22,"Bitcoin Up or Down - February 13, 2:10AM-2:15AM ET",btc-updown-5m-1770966600,crypto,True,yes,True,412.58,5.05,632.41,101.0,632.41,101.0,0.6524,0.05,0.7024,101.0,0.2976,yes,531.41,0.6524,0,30.06,184.72,0.0,214.78
0x81045cb4766dc733fd38aaf541e2444afd23a49a90254b9fa7382812b7055fc4,"Bitcoin Up or Down - February 13, 2:00AM-2:15AM ET",btc-updown-15m-1770966000,crypto,True,yes,True,2156.31,1069.43,3206.33,2901.36,3206.33,2283.17,0.6725,0.3686,1.0411,2283.17,-0.0411,yes,923.16,0.6725,205.26,-93.87,302.32,-22.6,185.85
0xf34576c0d2ef1daa05a7be97aaa70c04e2fcc88c162f77150cd60e50a3c67428,"Ethereum Up or Down - February 13, 2:00AM-2:15AM ET",eth-updown-15m-1770966000,crypto,True,yes,True,902.5,198.69,1479.92,475.01,1409.98,438.51,0.6098,0.4183,1.0281,438.51,-0.0281,yes,971.47,0.6098,41.44,-12.33,379.04,-16.48,350.22
0x5f8c026842e508238a31f3eec92658af2c1ac75c4998f5005d4ba3bbac1e6c66,"Bitcoin Up or Down - February 13, 2:05AM-2:10AM ET",btc-updown-5m-1770966300,crypto,True,no,False,0,191.25,0,294.0,0,294.0,0,0.6505,,0,,no,294.0,0.6505,0,0,102.75,0.0,102.75
0xc2e6cdf13b697598d1e1d9827cf38afbfe5950dd624622bfcdc55f8dad39f807,"Bitcoin Up or Down - February 13, 2:00AM-2:05AM ET",btc-updown-5m-1770966000,crypto,True,yes,True,377.58,385.79,658.99,728.98,569.99,353.36,0.573,0.5292,1.1022,353.36,-0.1022,yes,216.63,0.573,174.04,-36.11,92.51,-75.74,-19.33
0x0ce2c2dbb36935772571615c195fc818bcffba2c70373f5f29b3c9057be64c6f,"Bitcoin Up or Down - February 13, 1:55AM-2:00AM ET",btc-updown-5m-1770965700,crypto,True,yes,False,663.27,0,1043.63,0,1043.63,0,0.6355,0,,0,,yes,1043.63,0.6355,0,0,380.36,0.0,380.36
0x3eef4e353a0c15d9ce40ce72be91bae912b98a63cd0b68180ae0d76de32d1684,"Bitcoin Up or Down - February 13, 1AM ET",bitcoin-up-or-down-february-13-1am-et,crypto,True,yes,True,1959.11,2757.02,4256.43,4895.01,4256.43,4895.01,0.4603,0.5632,1.0235,4256.43,-0.0235,no,638.58,0.5632,0,-100.03,-359.67,-0.0,-459.7
0xa894aecd71ba7ebde0b6fbb3e26eb2ae91c33b79bb6eba05acff1835a7f5ba33,"Solana Up or Down - February 13, 1AM ET",solana-up-or-down-february-13-1am-et,crypto,True,yes,True,290.42,1133.68,1118.23,1806.27,1118.23,1806.27,0.2597,0.6276,0.8873,1118.23,0.1127,no,688.04,0.6276,0,125.97,-431.84,-0.0,-305.87
0x75f9b757f208c208914190d6b196cbc0cae7a214caaab35f07b3c4d7cedbc626,"XRP Up or Down - February 13, 1AM ET",xrp-up-or-down-february-13-1am-et,crypto,True,yes,True,425.56,632.71,982.07,975.81,982.07,975.81,0.4333,0.6484,1.0817,975.81,-0.0817,yes,6.26,0.4333,0,-79.75,3.55,-0.0,-76.21
0xc81165f2f99b17728317265e57c8709f742c395d46cc3353b992f87a479845d0,"Bitcoin Up or Down - February 13, 1:45AM-2:00AM ET",btc-updown-15m-1770965100,crypto,True,yes,True,517.46,344.58,904.59,1395.96,904.59,390.86,0.572,0.2468,0.8189,390.86,0.1811,yes,513.73,0.572,433.76,70.79,219.85,185.66,476.31
0x74dcc2b5b15c58db39ee6a52ae61ba6f9064f7b15f384cf75abd61367708ee1d,"Ethereum Up or Down - February 13, 1:45AM-2:00AM ET",eth-updown-15m-1770965100,crypto,True,yes,True,234.82,484.9,460.57,1006.64,460.57,982.36,0.5098,0.4817,0.9916,460.57,0.0084,no,521.79,0.4817,9.58,3.89,-251.35,-2.12,-249.58
0xfb0a13fb7a6db2624d673cfdfbdf3771e8ec990f1b2830ea744017ef356efe61,"Bitcoin Up or Down - February 13, 1:50AM-1:55AM ET",btc-updown-5m-1770965400,crypto,True,yes,False,353.19,0,613.92,0,613.92,0,0.5753,0,,0,,yes,613.92,0.5753,0,0,260.73,-0.0,260.73
0xb2474a1b8d559510feecad02c9be19b218de4208a39fe96e2ed173e39660d7e1,"Bitcoin Up or Down - February 13, 1:45AM-1:50AM ET",btc-updown-5m-1770965100,crypto,True,yes,True,562.99,181.69,1011.82,343.2,1011.82,-60.8,0.5564,0.5294,1.0858,0,-0.0858,yes,1011.82,0.5564,184.48,0,448.83,2.79,451.62
0x1f813b0cff75b3531770b28342f42456753e3df8f1ce99928850a448ad6328a6,"Ethereum Up or Down - February 13, 1AM ET",ethereum-up-or-down-february-13-1am-et,crypto,True,yes,True,638.2,1410.65,2693.88,1797.98,2693.88,1797.98,0.2369,0.7846,1.0215,1797.98,-0.0215,yes,895.9,0.2369,0,-38.62,683.66,0.0,645.03
0xe6d67dce6d5b274b8666969df1796edfe888f4755294f08f8cfc7121858d8bcc,"Bitcoin Up or Down - February 13, 1:40AM-1:45AM ET",btc-updown-5m-1770964800,crypto,True,yes,True,356.71,73.19,650.59,168.73,650.59,168.73,0.5483,0.4337,0.982,168.73,0.018,yes,481.86,0.5483,0,3.03,217.67,-0.0,220.7
0x4fee2465b60318e23e6d2ad0ac0b0c347ee86866c989f09042b3071f941934ac,"Ethereum Up or Down - February 13, 1:30AM-1:45AM ET",eth-updown-15m-1770964200,crypto,True,no,True,380.67,1864.32,1169.14,2912.65,1022.41,2912.65,0.3256,0.6401,0.9657,1022.41,0.0343,no,1890.24,0.6401,34.23,35.1,680.34,-13.55,701.89
0xc76d1c928b516be86d8b00634c1ad8bf483609c420a568bd6725cd5571be05f4,"Bitcoin Up or Down - February 13, 1:35AM-1:40AM ET",btc-updown-5m-1770964500,crypto,True,no,True,710.96,428.11,1447.59,689.6,1145.59,640.51,0.4911,0.6208,1.1119,640.51,-0.1119,yes,505.08,0.4911,146.1,-71.7,-248.06,-32.7,-352.46
0x045c2b42162c80eea56e3a2b7315ac53f2de4f27d7ab707082b12acfd7e79712,"Bitcoin Up or Down - February 13, 1:30AM-1:35AM ET",btc-updown-5m-1770964200,crypto,True,no,True,39.39,588.86,202.0,992.83,202.0,992.83,0.195,0.5931,0.7881,202.0,0.2119,no,790.83,0.5931,0,42.8,321.78,-0.0,364.58
0x37bba2c869687c57019d0c21512f1e209af760acbecd0b463a641ce5d7054505,"Bitcoin Up or Down - February 13, 1:30AM-1:45AM ET",btc-updown-15m-1770964200,crypto,True,no,True,111.84,1577.83,248.0,2593.94,47.0,2593.94,0.451,0.6083,1.0592,47.0,-0.0592,no,2546.94,0.6083,66.33,-2.78,997.7,-24.31,970.6
0x0d42957f5d5bba282277ac7cf1ae80b958a2c27bd61f964dfd7ff0704b360d91,"Bitcoin Up or Down - February 13, 1:25AM-1:30AM ET",btc-updown-5m-1770963900,crypto,True,no,True,239.95,631.95,484.98,1100.48,-117.87,855.08,0.4948,0.5742,1.069,0,-0.069,no,855.08,0.5742,342.1,0,364.05,-38.77,325.29
0xda2e1823192310c9bb0b9b0abb649bacd3897da064a8f2e7392e1f25d7aae320,"Ethereum Up or Down - February 13, 1:15AM-1:30AM ET",eth-updown-15m-1770963300,crypto,True,no,True,745.38,1121.48,1249.92,2067.12,901.6,2067.12,0.5963,0.5425,1.1389,901.6,-0.1389,no,1165.52,0.5425,120.51,-125.21,533.19,-87.21,320.77
0x6f9a3ae61a94617d46be0e2bcb3e1e0ea133380bb933c6bbf545c51ffb6ffba1,"Bitcoin Up or Down - February 13, 1:15AM-1:30AM ET",btc-updown-15m-1770963300,crypto,True,yes,True,1024.55,615.71,2243.71,1086.23,1147.06,567.23,0.4566,0.5668,1.0235,567.23,-0.0235,yes,579.83,0.4566,645.64,-13.31,315.06,-149.3,152.45
0x98040c1ba4e9f156f9d3d8668d0f815b190fcba573db17e3b31911d34ef4e421,"Bitcoin Up or Down - February 13, 1:20AM-1:25AM ET",btc-updown-5m-1770963600,crypto,True,no,True,446.4,364.41,753.2,633.0,147.2,633.0,0.5927,0.5757,1.1684,147.2,-0.1684,no,485.8,0.5757,319.28,-24.78,206.13,-39.88,141.47
0xc44edc8500693e958cab44208908b26362cfac3796117daa7b541c2a421d817c,"Bitcoin Up or Down - February 13, 1:15AM-1:20AM ET",btc-updown-5m-1770963300,crypto,True,yes,True,556.99,149.21,941.05,278.84,664.35,-439.28,0.5919,0.5351,1.127,0,-0.127,yes,664.35,0.5919,323.85,0,271.13,10.87,282.0
0x6896f7922ba555c8a7d2e2750e587138ecb544f4eb114ef32fbf7b3bf46cc71d,"Bitcoin Up or Down - February 13, 1:10AM-1:15AM ET",btc-updown-5m-1770963000,crypto,True,no,True,301.11,355.91,465.61,705.49,303.91,705.49,0.6467,0.5045,1.1512,303.91,-0.1512,no,401.58,0.5045,66.7,-45.95,198.99,-37.87,115.16
0x2a534346aadbd86467bd9bb0ecf960e5347add24c294dcdfe58d299f54e1c7d8,"Bitcoin Up or Down - February 13, 1:05AM-1:10AM ET",btc-updown-5m-1770962700,crypto,False,,True,779.74,46.29,1285.36,87.08,1285.36,-97.64,0.6066,0.5315,1.1382,0,-0.1382,yes,1285.36,0.6066,79.4,0,,,
0x5a40a6cb1b928b0528d992d34a6022cae13fcf745de10dee4d2b7ea333d8e3d1,"Bitcoin Up or Down - February 13, 1:00AM-1:15AM ET",btc-updown-15m-1770962400,crypto,True,yes,True,676.35,251.5,1067.99,641.04,1067.99,587.42,0.6333,0.3923,1.0256,587.42,-0.0256,yes,480.57,0.6333,23.59,-15.05,176.23,2.56,163.74
0x6709f67f5b3752a278381975c6bdfe000b2aa65b7abf6e622cc72490419cce28,"Ethereum Up or Down - February 13, 1:00AM-1:15AM ET",eth-updown-15m-1770962400,crypto,True,yes,True,351.17,488.35,592.85,1069.84,592.85,1069.84,0.5923,0.4565,1.0488,592.85,-0.0488,no,476.99,0.4565,0,-28.94,-217.73,0.0,-246.67
0x6e02ceb12ab1e02e384459c63fbf78a1aab471956e936b168a0d842e797ef927,"Bitcoin Up or Down - February 13, 1:00AM-1:05AM ET",btc-updown-5m-1770962400,crypto,False,,True,616.35,388.09,1188.67,862.0,1003.27,761.0,0.5185,0.4502,0.9687,761.0,0.0313,yes,242.27,0.5185,121.81,23.79,,,
0x4c5bd69e9ffaf81f3582cee416b41028894c0d566d6ff96f1fb98a431c8d60c2,"Bitcoin Up or Down - February 13, 12:55AM-1:00AM ET",btc-updown-5m-1770962100,crypto,False,,True,2.15,494.76,5.0,774.25,5.0,774.25,0.43,0.639,1.069,5.0,-0.069,no,769.25,0.639,0,-0.35,,,
0x0262adc0b35c27c7b5d00211833a131066bf9c75a07be1b5b6eefe13c089b91a,"Bitcoin Up or Down - February 13, 12AM ET",bitcoin-up-or-down-february-13-12am-et,crypto,True,no,True,1797.3,1056.28,3232.65,3344.64,3232.65,3344.64,0.556,0.3158,0.8718,3232.65,0.1282,no,111.99,0.3158,0,414.43,76.62,0.0,491.06
0x962ab71aae049261347cc0a64620be33f031ded13af8e4c17181da4bed6ade7e,"XRP Up or Down - February 13, 12AM ET",xrp-up-or-down-february-13-12am-et,crypto,True,yes,True,436.81,419.27,1120.95,732.73,1120.95,732.73,0.3897,0.5722,0.9619,732.73,0.0381,yes,388.22,0.3897,0,27.93,236.94,0.0,264.87
0x2d53648c2e9d3f323e97a0c390cfc12c687079eb1d3fb3d471f8246bf4a0e302,"Solana Up or Down - February 13, 12AM ET",solana-up-or-down-february-13-12am-et,crypto,True,yes,True,974.87,311.73,1993.95,1391.22,1993.95,1391.22,0.4889,0.2241,0.713,1391.22,0.287,yes,602.73,0.4889,0,399.3,308.05,0.0,707.35
0x5e1bd55e16408fc62950f04825f501845e4f493d56dc58074482d9c587615867,"Bitcoin Up or Down - February 13, 12:45AM-1:00AM ET",btc-updown-15m-1770961500,crypto,False,,True,724.59,558.09,1957.53,1018.05,645.53,526.05,0.3702,0.5482,0.9184,526.05,0.0816,yes,119.48,0.3702,757.84,42.95,,,
0x3cee4432188643b5dae671087383a5175180dd75beca7a606a85f523b87de980,"Bitcoin Up or Down - February 13, 12:50AM-12:55AM ET",btc-updown-5m-1770961800,crypto,False,,False,0,357.84,0,572.33,0,572.33,0,0.6252,,0,,no,572.33,0.6252,0,0,,,
0x506fffb328e7632a3847927619d7235d8b291fdb1e8b801bb68cf653a345c26e,"Ethereum Up or Down - February 13, 12:45AM-1:00AM ET",eth-updown-15m-1770961500,crypto,False,,True,415.6,116.41,842.68,209.62,798.68,209.62,0.4932,0.5554,1.0485,209.62,-0.0485,yes,589.06,0.4932,16.68,-10.17,,,
0x1349f2ede12f30963fca61bb7900cc9a0adbbeae15ba3d91d9731de358787602,"Ethereum Up or Down - February 13, 12AM ET",ethereum-up-or-down-february-13-12am-et,crypto,True,no,True,664.47,412.21,2245.59,659.96,2245.59,659.96,0.2959,0.6246,0.9205,659.96,0.0795,yes,1585.63,0.2959,0,52.47,-469.19,0.0,-416.72
0x2b8aae97087f725757190ffecc0308e367ec040144391edd19e2e8320d6421ad,"Bitcoin Up or Down - February 13, 12:45AM-12:50AM ET",btc-updown-5m-1770961500,crypto,False,,True,395.03,289.57,786.06,433.41,531.06,433.41,0.5025,0.6681,1.1707,433.41,-0.1707,yes,97.65,0.5025,106.93,-73.96,,,
0xc13bae85f78998d908434139319f58c9de14ce1f02400f807ffd6b466c8d25dd,"Bitcoin Up or Down - February 13, 12:40AM-12:45AM ET",btc-updown-5m-1770961200,crypto,False,,True,154.02,474.32,305.94,762.73,305.94,575.43,0.5034,0.6219,1.1253,305.94,-0.1253,no,269.49,0.6219,63.33,-38.34,,,
0xfeb804da3b1e167beb8ad990c05506cb5f6cbfa3235f58312c88096e81fc2562,"Bitcoin Up or Down - February 13, 12:30AM-12:45AM ET",btc-updown-15m-1770960600,crypto,False,,True,310.34,147.7,520.82,829.37,520.82,532.31,0.5959,0.1781,0.774,520.82,0.226,no,11.49,0.1781,72.48,117.73,,,
0x1e0078ad24d569094d292efdeffe8ec3b2c90cce01202d54d32d3e3563f4391e,"Ethereum Up or Down - February 13, 12:30AM-12:45AM ET",eth-updown-15m-1770960600,crypto,False,,False,0,111.18,0,314.35,0,314.35,0,0.3537,,0,,no,314.35,0.3537,0,0,,,
0x99cc964043a4a32330ef05597b93c5c6568c765e6ccbb47f6066e824445ca75d,"Bitcoin Up or Down - February 13, 12:35AM-12:40AM ET",btc-updown-5m-1770960900,crypto,False,,True,371.33,24.19,644.14,120.93,644.14,120.93,0.5765,0.2,0.7765,120.93,0.2235,yes,523.21,0.5765,0,27.03,,,
0x7727c6502b861a43ff4bcc87518d6672b04cd6b6dc1b0c699c77ff2ca53fbb1b,"Bitcoin Up or Down - February 13, 12:30AM-12:35AM ET",btc-updown-5m-1770960600,crypto,False,,False,113.59,0,184.28,0,184.28,0,0.6164,0,,0,,yes,184.28,0.6164,0,0,,,
0xec1207aa28f6ed6434b443d6c413653fea3fa0fc8063323fdad493882268b920,"Bitcoin Up or Down - February 13, 12:25AM-12:30AM ET",btc-updown-5m-1770960300,crypto,False,,True,299.39,246.9,513.28,391.31,377.07,391.31,0.5833,0.6309,1.2142,377.07,-0.2142,no,14.24,0.6309,60.24,-80.78,,,
0x90fee6a186fc01928c13b1c98be08463ebb22af5589326287542dd3af4c19639,"Bitcoin Up or Down - February 13, 12:15AM-12:30AM ET",btc-updown-15m-1770959700,crypto,False,,True,313.99,224.42,521.31,647.7,521.31,453.7,0.6023,0.3465,0.9488,453.7,0.0512,yes,67.61,0.6023,87.3,23.23,,,
0x66c41f4fc12bf239e0a5209c035dda8ef0ddddb07e0d88f74f97514afb985ad3,"Ethereum Up or Down - February 13, 12:15AM-12:30AM ET",eth-updown-15m-1770959700,crypto,False,,True,100.01,508.35,154.16,1516.41,154.16,817.0,0.6487,0.3352,0.984,154.16,0.016,no,662.84,0.3352,303.53,2.47,,,
0x7e30ddfba31f5b6dfbc344c34be27740bd61c56cc7802b71131a3d1ee178b9d2,"Bitcoin Up or Down - February 13, 12:20AM-12:25AM ET",btc-updown-5m-1770960000,crypto,False,,True,260.76,112.19,405.97,207.0,405.97,207.0,0.6423,0.542,1.1843,207.0,-0.1843,yes,198.97,0.6423,0,-38.15,,,
0xc01a4ef72130fd754b36d893925912c3d2014c2e095e14ab370cbb85aa34d37b,"Bitcoin Up or Down - February 13, 12:15AM-12:20AM ET",btc-updown-5m-1770959700,crypto,False,,True,325.27,181.39,542.87,366.6,542.87,324.73,0.5992,0.4948,1.0939,324.73,-0.0939,yes,218.14,0.5992,18.84,-30.5,,,
0xcfbaaea56ec780909ffcaf77490504bc872c8644eee7cc94ce4d37f51ba49faf,"Bitcoin Up or Down - February 13, 12:10AM-12:15AM ET",btc-updown-5m-1770959400,crypto,False,,True,228.74,153.87,410.88,306.57,410.88,306.57,0.5567,0.5019,1.0586,306.57,-0.0586,yes,104.31,0.5567,0,-17.97,,,
0xbe75335b1bc42d4720b577bf2763336ab00f4a4bb0dec0ec0f7ac4b8e33a2f50,"Bitcoin Up or Down - February 13, 12:05AM-12:10AM ET",btc-updown-5m-1770959100,crypto,False,,True,24.87,81.46,47.82,101.0,-773.12,101.0,0.52,0.8066,1.3266,0,-0.3266,no,101.0,0.8066,297.83,0,,,
0x23b1fa96076545c799c229ed510f32b3d8982c23788318e02c2be0717261be54,"Bitcoin Up or Down - February 13, 12:00AM-12:05AM ET",btc-updown-5m-1770958800,crypto,False,,False,320.18,0,519.0,0,519.0,0,0.6169,0,,0,,yes,519.0,0.6169,0,0,,,
0x0b217a9fe8088a51e66a04abe2eaf972fed07491356bfd5c51e8ed012449cdd9,"Ethereum Up or Down - February 12, 11PM ET",ethereum-up-or-down-february-12-11pm-et,crypto,True,no,True,535.59,307.07,2126.68,505.42,2126.68,505.42,0.2518,0.6075,0.8594,505.42,0.1406,yes,1621.26,0.2518,0,71.07,-408.3,-0.0,-337.24
0xc1e6108ef7af66de2a15f583ae7411b2d3f231b0753875ef0f1febd46de348b0,"Bitcoin Up or Down - February 12, 11:50PM-11:55PM ET",btc-updown-5m-1770958200,crypto,False,,False,141.63,0,234.36,0,234.36,0,0.6043,0,,0,,yes,234.36,0.6043,0,0,,,
0x2284c6366cf5f76c95e633bae381db55baa84812e882d5eddeb148c38b0e4e56,"Bitcoin Up or Down - February 12, 11:45PM-11:50PM ET",btc-updown-5m-1770957900,crypto,False,,True,46.01,311.96,98.0,447.0,-191.68,447.0,0.4695,0.6979,1.1674,0,-0.1674,no,447.0,0.6979,120.39,0,,,
0xd665b3366c3a79d929be357ab353cdf05e15bf2c54cf3c288ed4a6698d02b4b2,"Bitcoin Up or Down - February 12, 11PM ET",bitcoin-up-or-down-february-12-11pm-et,crypto,True,yes,True,1112.12,719.32,3480.14,1327.55,3480.14,1327.55,0.3196,0.5418,0.8614,1327.55,0.1386,yes,2152.59,0.3196,0,184.0,1464.7,0.0,1648.7
0x69b898739b4aa5cab4593f3e29bfabdb03779fa3320c578e3cf3c4ce70c9c2d1,"Bitcoin Up or Down - February 12, 11:40PM-11:45PM ET",btc-updown-5m-1770957600,crypto,False,,True,84.7,143.24,212.0,259.21,212.0,259.21,0.3995,0.5526,0.9521,212.0,0.0479,no,47.21,0.5526,0,10.15,,,
0xbc70b6db4e87fb3fae8bd1845bd2b1f8553d9cc6173d9687f9026aa0b9807567,"Ethereum Up or Down - February 12, 11:30PM-11:45PM ET",eth-updown-15m-1770957000,crypto,False,,True,555.93,322.26,1177.4,597.42,1177.4,597.42,0.4722,0.5394,1.0116,597.42,-0.0116,yes,579.98,0.4722,0,-6.93,,,
0xfba4e08d2dcbcd6809aa9cd72c0089a8135a615a291e53c667f5cb778727e2af,"Solana Up or Down - February 12, 11PM ET",solana-up-or-down-february-12-11pm-et,crypto,True,yes,True,101.92,59.52,440.79,124.1,440.79,124.1,0.2312,0.4796,0.7108,124.1,0.2892,yes,316.69,0.2312,0,35.88,243.46,0.0,279.35
0x35129e7ee024af7040f030556522db6c1f38480c165f97702a78cee95310b41b,"Bitcoin Up or Down - February 12, 11:30PM-11:45PM ET",btc-updown-15m-1770957000,crypto,False,,True,423.56,1102.67,922.28,1859.23,880.07,1620.59,0.4593,0.5931,1.0523,880.07,-0.0523,no,740.52,0.5931,118.52,-46.05,,,
0x935751c970bcb047d0b881f64f4acfae77d1123a6046c362526d1da7552a39d9,"XRP Up or Down - February 12, 11PM ET",xrp-up-or-down-february-12-11pm-et,crypto,True,yes,True,132.88,61.12,398.62,126.35,398.62,126.35,0.3333,0.4838,0.8171,126.35,0.1829,yes,272.27,0.3333,0,23.11,181.51,0.0,204.62
0xf3f599b3b2e829908d8cc5a9b3629f98ee434bf583085412871b7384820a6916,"Bitcoin Up or Down - February 12, 11:35PM-11:40PM ET",btc-updown-5m-1770957300,crypto,False,,True,326.32,139.75,519.57,314.64,519.57,-89.36,0.6281,0.4442,1.0722,0,-0.0722,yes,519.57,0.6281,134.72,0,,,
0xbcd12d2bc9bbca56f3cef3fe9dfe65118e9482119ad4c19d1c57477a0daa16de,"Bitcoin Up or Down - February 12, 11:30PM-11:35PM ET",btc-updown-5m-1770957000,crypto,False,,True,120.05,629.09,308.2,1029.08,290.2,1029.08,0.3895,0.6113,1.0008,290.2,-0.0008,no,738.88,0.6113,6.3,-0.25,,,
0x66580f82f129832cd422e0c946727d36f94d0448b223d89cda184998a24d6a3c,"Bitcoin Up or Down - February 12, 11:25PM-11:30PM ET",btc-updown-5m-1770956700,crypto,False,,True,172.37,306.46,593.48,587.46,593.48,439.09,0.2904,0.5217,0.8121,439.09,0.1879,yes,154.39,0.2904,66.29,82.5,,,
0x06cf51eb4111f84cbdca48c989bfd126028d74ea1d0e5b17429cea07adc4a154,"Bitcoin Up or Down - February 12, 11:15PM-11:30PM ET",btc-updown-15m-1770956100,crypto,False,,True,904.95,239.35,1571.55,665.45,1383.55,480.45,0.5758,0.3597,0.9355,480.45,0.0645,yes,903.1,0.5758,106.5,30.98,,,
0xf72423da2acc91005acbfe521d4ff030f8f4d2574d638c8bf62bbc953212a7a5,"Ethereum Up or Down - February 12, 11:15PM-11:30PM ET",eth-updown-15m-1770956100,crypto,False,,True,432.71,344.84,977.62,773.88,977.62,773.88,0.4426,0.4456,0.8882,773.88,0.1118,yes,203.74,0.4426,0,86.51,,,
0x6ee1fe6b274744cdc8e7394dbf93091504df010010bcbc7e646b3ad98d0ae987,"Bitcoin Up or Down - February 12, 11:20PM-11:25PM ET",btc-updown-5m-1770956400,crypto,False,,False,0,485.34,0,668.86,-10.1,668.86,0,0.7256,,0,,no,668.86,0.7256,3.74,0,,,
0xcd9f2af3be06c3d7d4c156dda01a3e4223e4a62d707b037f9db2a1248c2d2130,"Bitcoin Up or Down - February 12, 11:15PM-11:20PM ET",btc-updown-5m-1770956100,crypto,False,,False,0,181.07,0,328.86,0,266.68,0,0.5506,,0,,no,266.68,0.5506,27.43,0,,,
0x6641f2f608df819c1934868d1d29aa22ec4cbb29e0e0adfc5e3822b75f951921,"Bitcoin Up or Down - February 12, 11:10PM-11:15PM ET",btc-updown-5m-1770955800,crypto,False,,False,0,161.03,0,320.0,-700.51,320.0,0,0.5032,,0,,no,320.0,0.5032,254.61,0,,,
0x7f44767740d816c5ce81cd79b6a76c6b7138fdfc713fb8e4aaed810029dae194,"Ethereum Up or Down - February 12, 11:00PM-11:15PM ET",eth-updown-15m-1770955200,crypto,False,,True,231.64,132.38,603.44,246.5,603.44,246.5,0.3839,0.537,0.9209,246.5,0.0791,yes,356.94,0.3839,0,19.5,,,
0xf5e7d15eb4d7593a2a5d10f5425f7e4e343b7e3c37e80cc20500e358aced1093,"Bitcoin Up or Down - February 12, 11:00PM-11:15PM ET",btc-updown-15m-1770955200,crypto,False,,True,767.49,636.11,2760.31,870.99,1203.22,870.99,0.278,0.7303,1.0084,870.99,-0.0084,yes,332.23,0.278,467.82,-7.3,,,
0x03a51e76fa4244afa81783c95342ecc454adba295e3cc0cd6ee1682a984ed4a0,"Bitcoin Up or Down - February 12, 11:05PM-11:10PM ET",btc-updown-5m-1770955500,crypto,False,,True,188.61,253.85,313.15,523.28,-64.85,523.28,0.6023,0.4851,1.0874,0,-0.0874,no,523.28,0.4851,153.7,0,,,
0x58bc5fde1b370e2474e3505910e35b109ffd17ac7256fc32b60c6d1ff47602f0,"Bitcoin Up or Down - February 12, 11:00PM-11:05PM ET",btc-updown-5m-1770955200,crypto,False,,False,0,55.46,0,105.48,-39.97,105.48,0,0.5258,,0,,no,105.48,0.5258,11.99,0,,,
0x037d52fc1bb3a7ec55817a69c2890a014c1c996de9b88c2b117621a69fecea5f,"Ethereum Up or Down - February 12, 10:45PM-11:00PM ET",eth-updown-15m-1770954300,crypto,False,,True,393.0,372.7,1186.75,580.91,1141.15,580.91,0.3312,0.6416,0.9727,580.91,0.0273,yes,560.24,0.3312,20.06,15.84,,,
0x75e80c74c16c4c08982299a5be800fe7161a14ba70e3c3e51da8f551e17b46d2,"Bitcoin Up or Down - February 12, 10:55PM-11:00PM ET",btc-updown-5m-1770954900,crypto,False,,True,32.18,452.05,109.8,808.0,109.8,808.0,0.2931,0.5595,0.8526,109.8,0.1474,no,698.2,0.5595,0,16.19,,,
0xa850a7e4892fe623c725010071d942c6112d0c761d5dbf260d7d692e651ee058,"Bitcoin Up or Down - February 12, 10:45PM-11:00PM ET",btc-updown-15m-1770954300,crypto,False,,True,504.38,1104.11,1902.13,1585.91,1412.23,1585.91,0.2652,0.6962,0.9614,1412.23,0.0386,no,173.68,0.6962,53.91,54.57,,,
0xe832f0df23b14a466b73396d9f184355ff7bf6c139927ba2e8b27e808f5ba67d,"Bitcoin Up or Down - February 12, 10:50PM-10:55PM ET",btc-updown-5m-1770954600,crypto,False,,True,172.23,537.94,298.15,1147.59,270.15,1147.59,0.5777,0.4688,1.0464,270.15,-0.0464,no,877.44,0.4688,12.04,-12.54,,,
0x69dbfb5b506bbc7a513c1d564e0f736ec1217c41359e26e2d6b138121d79b2a7,"Solana Up or Down - February 12, 10PM ET",solana-up-or-down-february-12-10pm-et,crypto,False,,True,764.49,502.12,1955.89,1271.81,1955.89,1271.81,0.3909,0.3948,0.7857,1271.81,0.2143,yes,684.08,0.3909,0,272.59,,,
0x8d2ae6db2f50ff40f6600041e5e69261836acdc5e275788272878d073d21e5aa,"Ethereum Up or Down - February 12, 10PM ET",ethereum-up-or-down-february-12-10pm-et,crypto,False,,True,185.0,488.22,350.37,1962.82,350.37,1962.82,0.528,0.2487,0.7768,350.37,0.2232,no,1612.45,0.2487,0,78.22,,,
0xd758d709093209faf48178042a8bd9752efbbbc4e368dfc5fd0812abffe0a7e1,"XRP Up or Down - February 12, 10PM ET",xrp-up-or-down-february-12-10pm-et,crypto,False,,True,110.42,208.6,446.09,486.58,446.09,486.58,0.2475,0.4287,0.6762,446.09,0.3238,no,40.49,0.4287,0,144.43,,,
0x591e7f839606e9611f90723f9055eaca52026665696c2fb1d458afa208c1f6a6,"Bitcoin Up or Down - February 12, 10PM ET",bitcoin-up-or-down-february-12-10pm-et,crypto,False,,True,2002.58,1425.43,5238.28,2900.39,5238.28,2900.39,0.3823,0.4915,0.8738,2900.39,0.1262,yes,2337.89,0.3823,0,366.14,,,
0x4923a55682907be7bbb276eaa038b4c5f731fbafa52376bdf7ac7b2d52e3e6b5,"Bitcoin Up or Down - February 12, 10:45PM-10:50PM ET",btc-updown-5m-1770954300,crypto,False,,True,252.47,291.14,496.57,521.06,294.57,521.06,0.5084,0.5588,1.0672,294.57,-0.0672,no,226.49,0.5588,91.7,-19.79,,,
0x1ecad00d1aa394f2ac5175135a8c27b36990006f576d3f5c0b8a799129c8bdd8,"Bitcoin Up or Down - February 12, 10:40PM-10:45PM ET",btc-updown-5m-1770954000,crypto,False,,True,357.66,278.16,655.94,515.61,655.94,143.09,0.5453,0.5395,1.0847,143.09,-0.0847,yes,512.85,0.5453,135.28,-12.12,,,
0x479e8d56aa08988c6f1b88d01160625ac342a08552145cd672efd33a61091f7e,"Bitcoin Up or Down - February 12, 10:30PM-10:45PM ET",btc-updown-15m-1770953400,crypto,False,,True,1889.76,1572.64,3024.24,4079.85,1707.01,1766.48,0.6249,0.3855,1.0103,1707.01,-0.0103,no,59.47,0.3855,1369.36,-17.65,,,
0x30359b5c63c59638577c91ce584bf39cfa41619e930c67c56e7fbe1039a174f9,"Ethereum Up or Down - February 12, 10:30PM-10:45PM ET",eth-updown-15m-1770953400,crypto,False,,True,1678.41,890.6,2468.44,2636.71,2468.44,2403.68,0.6799,0.3378,1.0177,2403.68,-0.0177,yes,64.76,0.6799,68.21,-42.59,,,
0xfb1f2e26eba99fb4f059276c905d195df06f763543897fe01fe6f77ab403d618,"Bitcoin Up or Down - February 12, 10:35PM-10:40PM ET",btc-updown-5m-1770953700,crypto,False,,True,99.88,164.67,182.76,289.65,74.76,289.65,0.5465,0.5685,1.115,74.76,-0.115,no,214.89,0.5685,44.35,-8.6,,,
0x9928c77bfd0f96e0b0761c8161fafcc85b67aee5c5ec92347df65a6635cb4a1a,"Bitcoin Up or Down - February 12, 10:30PM-10:35PM ET",btc-updown-5m-1770953400,crypto,False,,True,655.96,101.26,1079.64,233.57,1079.64,185.9,0.6076,0.4335,1.0411,185.9,-0.0411,yes,893.74,0.6076,19.07,-7.64,,,
0xed86e2c42425345ee4581bb667b3c8b2f4c83ba27b604381ff1bd0776bbcd6f9,"Bitcoin Up or Down - February 12, 10:15PM-10:30PM ET",btc-updown-15m-1770952500,crypto,False,,True,1246.26,105.51,1877.18,465.11,1721.18,47.04,0.6639,0.2269,0.8908,47.04,0.1092,yes,1674.14,0.6639,241.72,5.14,,,
0x9af927eb92dc7de0d62b0d16893c817fd06a570791ede44ed48dc8bc4aa44156,"Bitcoin Up or Down - February 12, 10:25PM-10:30PM ET",btc-updown-5m-1770953100,crypto,False,,True,546.83,119.37,941.1,402.0,941.1,376.7,0.5811,0.2969,0.878,376.7,0.122,yes,564.4,0.5811,10.68,45.96,,,
0xc86c42ec56f390a453d1c320d709fc69c6dcdaa79d45ae35a652028b3c88523f,"Ethereum Up or Down - February 12, 10:15PM-10:30PM ET",eth-updown-15m-1770952500,crypto,False,,True,124.86,72.76,171.03,258.82,171.03,258.82,0.7301,0.2811,1.0112,171.03,-0.0112,no,87.79,0.2811,0,-1.91,,,
0x440c9b41d52dc939b64d8e53950309d37773bfea69f173ab41b8167b4f0f7a73,"Bitcoin Up or Down - February 12, 10:20PM-10:25PM ET",btc-updown-5m-1770952800,crypto,False,,True,6.86,474.86,14.0,746.46,14.0,362.05,0.49,0.6361,1.1261,14.0,-0.1261,no,348.05,0.6361,165.08,-1.77,,,
0xfc14521fdd04bf4647a906cd4ac839a16509ad7a58c33becf602c6b7ed1fb99d,"Bitcoin Up or Down - February 12, 10:15PM-10:20PM ET",btc-updown-5m-1770952500,crypto,False,,True,553.62,518.62,993.48,1047.14,654.23,219.04,0.5573,0.4953,1.0525,219.04,-0.0525,yes,435.19,0.5573,426.96,-11.51,,,
0x554301a06e6201194af91cda3f9f528452550e629c33defda78ac48acae78157,"Bitcoin Up or Down - February 12, 10:10PM-10:15PM ET",btc-updown-5m-1770952200,crypto,False,,True,296.7,98.64,581.59,181.23,480.59,181.23,0.5102,0.5443,1.0544,181.23,-0.0544,yes,299.36,0.5102,45.21,-9.86,,,
0x1e795d284498751b7977f2db43ae58e60cfb28a65c77e577bbb20d9b815ac6ca,"Ethereum Up or Down - February 12, 10:00PM-10:15PM ET",eth-updown-15m-1770951600,crypto,False,,True,433.84,198.33,900.45,402.09,608.22,402.09,0.4818,0.4932,0.975,402.09,0.025,yes,206.13,0.4818,112.59,10.04,,,
0xd314dbd001cfaf9203f0fa8411cf9295377c21a7d7e3c4ef2cb08aec54ff7520,"Bitcoin Up or Down - February 12, 10:05PM-10:10PM ET",btc-updown-5m-1770951900,crypto,False,,True,3.03,576.57,101.0,950.15,101.0,950.15,0.03,0.6068,0.6368,101.0,0.3632,no,849.15,0.6068,0,36.68,,,
0xb7ad240be751fea752ee7fb0f6d246dbbe71c0997bb6c7dc25767b6e47e0c0bc,"Bitcoin Up or Down - February 12, 10:00PM-10:15PM ET",btc-updown-15m-1770951600,crypto,False,,True,593.37,230.54,1183.19,344.15,1183.19,77.0,0.5015,0.6699,1.1714,77.0,-0.1714,yes,1106.19,0.5015,73.01,-13.2,,,
0x0e1b703a170b1f8133e77094884038b25655282aac03cf2c0a699be2e9263533,"Bitcoin Up or Down - February 12, 10:00PM-10:05PM ET",btc-updown-5m-1770951600,crypto,False,,True,124.84,107.22,202.0,200.43,101.0,200.43,0.618,0.535,1.153,101.0,-0.153,no,99.43,0.535,45.45,-15.45,,,
0xf06d986f674ebe514bb1139a162ef9c0c1dc4ddfa3d05ef57a494e499f8132a3,"Bitcoin Up or Down - February 12, 9:55PM-10:00PM ET",btc-updown-5m-1770951300,crypto,False,,True,356.03,39.84,603.39,148.93,603.39,148.93,0.59,0.2675,0.8575,148.93,0.1425,yes,454.46,0.59,0,21.22,,,
0xb6d9148528fb13725c7525bf1297aff1239f0b1b70b632593a5fea9bae5a6208,"Bitcoin Up or Down - February 12, 9:45PM-10:00PM ET",btc-updown-15m-1770950700,crypto,False,,True,833.22,617.2,1505.46,1839.06,516.92,1147.06,0.5535,0.3356,0.8891,516.92,0.1109,no,630.14,0.3356,611.28,57.34,,,
0xa5783cfa595b9985e61db3d5a506257fa60ad7c5cfffeb4c0a3719d07f9da365,"Ethereum Up or Down - February 12, 9:45PM-10:00PM ET",eth-updown-15m-1770950700,crypto,False,,True,797.85,1133.52,1152.23,2212.75,1152.23,1920.58,0.6924,0.5123,1.2047,1152.23,-0.2047,no,768.35,0.5123,106.95,-235.87,,,
0x80f517f253e045340a5abb619abe269cea76f164d4767b4f5cbe5ff02ea0f89f,"Bitcoin Up or Down - February 12, 9:50PM-9:55PM ET",btc-updown-5m-1770951000,crypto,False,,True,252.75,1.01,417.64,101.0,417.64,101.0,0.6052,0.01,0.6152,101.0,0.3848,yes,316.64,0.6052,0,38.87,,,
0xc897aaf02197ed2143086c888bb7d0329017f8ee54db463c82e7e854da3217fa,"Ethereum Up or Down - February 12, 9PM ET",ethereum-up-or-down-february-12-9pm-et,crypto,False,,True,823.46,390.93,1308.51,1190.65,1308.51,1190.65,0.6293,0.3283,0.9576,1190.65,0.0424,yes,117.86,0.6293,0,50.44,,,
0x56166e99349f6fc03bd0795b479571e4dd89ad7ba77219004db44241258b872d,"Solana Up or Down - February 12, 9PM ET",solana-up-or-down-february-12-9pm-et,crypto,False,,True,636.43,701.08,1109.79,1950.97,1109.79,1950.97,0.5735,0.3593,0.9328,1109.79,0.0672,no,841.18,0.3593,0,74.56,,,
0x3362a78f41abbabcff24c34dac3cdf999e6424faf2722c316b5bac24adfcf175,"XRP Up or Down - February 12, 9PM ET",xrp-up-or-down-february-12-9pm-et,crypto,False,,True,1.49,49.08,2.02,257.47,2.02,257.47,0.74,0.1906,0.9306,2.02,0.0694,no,255.45,0.1906,0,0.14,,,
0x0507338d275158305f42f52e9ab6a6e7095bab8f40d1ad82ec37520367e0884f,"Bitcoin Up or Down - February 12, 9:45PM-9:50PM ET",btc-updown-5m-1770950700,crypto,False,,True,134.94,694.33,318.47,1212.49,314.47,834.49,0.4237,0.5727,0.9964,314.47,0.0036,no,520.02,0.5727,164.97,1.14,,,
0xc2e8a403d55434e6c8d1213af10652a52dcac6968f16ec7e34d7e6d65b12ba32,"Bitcoin Up or Down - February 12, 9:40PM-9:45PM ET",btc-updown-5m-1770950400,crypto,False,,True,119.59,205.93,311.8,356.03,311.8,356.03,0.3835,0.5784,0.962,311.8,0.038,no,44.23,0.5784,0,11.86,,,
0x8d2df65bd55135c16f772132dc4e01b6a7281d19ad6c7851ac244a02047d0b89,"Bitcoin Up or Down - February 12, 9:30PM-9:45PM ET",btc-updown-15m-1770949800,crypto,False,,True,1070.87,558.8,2095.17,882.3,1480.67,351.1,0.5111,0.6333,1.1445,351.1,-0.1445,yes,1129.57,0.5111,396.78,-50.72,,,
0x1c943cffbe2d08bd545f793e573ff204ba5b22e4ad2b93fec000756cc1e4033c,"Ethereum Up or Down - February 12, 9:30PM-9:45PM ET",eth-updown-15m-1770949800,crypto,False,,True,211.77,108.73,359.4,189.12,359.4,189.12,0.5892,0.5749,1.1642,189.12,-0.1642,yes,170.28,0.5892,0,-31.05,,,
0xac9a521dfc8233e78242695759d136824b1d451cb83eb6ff1790e49c00ed94f9,"Bitcoin Up or Down - February 12, 9:35PM-9:40PM ET",btc-updown-5m-1770950100,crypto,False,,True,50.5,175.1,101.0,261.08,-68.71,261.08,0.5,0.6707,1.1707,0,-0.1707,no,261.08,0.6707,63.07,0,,,
0x096ed3f10259b3dd2fc1f15c404ff0ad5d3be959f96e2283a6f3b88ef1811876,"Bitcoin Up or Down - February 12, 9:30PM-9:35PM ET",btc-updown-5m-1770949800,crypto,False,,True,452.89,236.99,727.96,462.32,589.49,141.77,0.6221,0.5126,1.1347,141.77,-0.1347,yes,447.72,0.6221,168.16,-19.1,,,
0xea5aa004d2907aacfffb62e601f160d5c1805f37f7565e3e9640b58cff70bb0c,"Bitcoin Up or Down - February 12, 9:15PM-9:30PM ET",btc-updown-15m-1770948900,crypto,False,,True,578.63,465.29,1416.03,1211.59,610.03,978.74,0.4086,0.384,0.7927,610.03,0.2073,no,368.71,0.384,342.16,126.48,,,
0xd74333eeb92831621ccf8a4bdc9550d93127fc831eb59918bfa7fd05d28ee65e,"Ethereum Up or Down - February 12, 9:15PM-9:30PM ET",eth-updown-15m-1770948900,crypto,False,,True,218.09,328.95,574.21,500.61,574.21,500.61,0.3798,0.6571,1.0369,500.61,-0.0369,yes,73.6,0.3798,0,-18.47,,,
0xae905bcbc5bb47b49886bb22bbc064f740c5f3ada6578266ed1e7a471e52461d,"Bitcoin Up or Down - February 12, 9:25PM-9:30PM ET",btc-updown-5m-1770949500,crypto,False,,True,541.79,105.66,826.96,202.0,624.96,202.0,0.6552,0.523,1.1782,202.0,-0.1782,yes,422.96,0.6552,91.75,-36.0,,,
0xea317149ff4c675068a8fb0f9e340752da2c058e7cfe43bb7b1c0a761f9661da,"Bitcoin Up or Down - February 12, 9:20PM-9:25PM ET",btc-updown-5m-1770949200,crypto,False,,True,59.92,390.14,124.84,606.78,124.84,556.37,0.48,0.643,1.1229,124.84,-0.1229,no,431.53,0.643,22.18,-15.35,,,
0xd51c528bc88144086179dfa9f44d75d46a8a7cbddd9a5a0360335735c1ea2086,"Bitcoin Up or Down - February 12, 9:15PM-9:20PM ET",btc-updown-5m-1770948900,crypto,False,,False,0,657.13,0,1058.26,0,1058.26,0,0.621,,0,,no,1058.26,0.621,0,0,,,
0x453907070556e6b00b72d6cfb10b6fd24494aad3b7f5187d2d4b14a55ca96e17,"Bitcoin Up or Down - February 12, 9PM ET",bitcoin-up-or-down-february-12-9pm-et,crypto,False,,False,1437.78,0,2759.42,0,2759.42,0,0.521,0,,0,,yes,2759.42,0.521,0,0,,,
0x007d4b0cb9d1852c60546d5a2bf4771a54602335685f377f215194f223ccde4a,"Bitcoin Up or Down - February 12, 9:10PM-9:15PM ET",btc-updown-5m-1770948600,crypto,False,,True,88.88,148.13,202.0,258.58,202.0,258.58,0.44,0.5729,1.0129,202.0,-0.0129,no,56.58,0.5729,0,-2.6,,,
0xfa75b0896310f9f9fdd48c01241a236e996453ffeebdb5f8d8938342a9be8f4a,"Bitcoin Up or Down - February 12, 9:00PM-9:15PM ET",btc-updown-15m-1770948000,crypto,False,,True,977.74,699.61,1628.68,1592.05,1495.89,485.81,0.6003,0.4394,1.0398,485.81,-0.0398,yes,1010.08,0.6003,533.39,-19.32,,,
0xc552665f6a692b1abfe999a974226c6d9df066774bdfc72957d0b67d41d218fd,"Ethereum Up or Down - February 12, 9:00PM-9:15PM ET",eth-updown-15m-1770948000,crypto,False,,True,488.3,260.9,759.9,558.62,740.83,409.85,0.6426,0.467,1.1096,409.85,-0.1096,yes,330.98,0.6426,66.36,-44.93,,,
0x467beb59ae402b3a7dd6a6758a4f00e8a3e05125a2f2a4a1c6e1f727ec01d499,"Bitcoin Up or Down - February 12, 9:05PM-9:10PM ET",btc-updown-5m-1770948300,crypto,False,,True,92.74,390.37,180.28,677.88,144.84,419.58,0.5144,0.5759,1.0903,144.84,-0.0903,no,274.74,0.5759,120.28,-13.07,,,
0xd49511dad85d1b592f80c4d8de3a010d3800a6f24ab3ca46d4af5ece3b5b0d59,"Bitcoin Up or Down - February 12, 9:00PM-9:05PM ET",btc-updown-5m-1770948000,crypto,False,,True,371.86,478.61,606.0,928.62,202.0,782.85,0.6136,0.5154,1.129,202.0,-0.129,no,580.85,0.5154,241.15,-26.06,,,
0xef516d6f1159cd32cb1d088c80e5e68f6d10921fca29f3699ef3ba74f51e4bd6,"Bitcoin Up or Down - February 12, 8:55PM-9:00PM ET",btc-updown-5m-1770947700,crypto,False,,False,0,934.14,0,1508.68,0,1508.68,0,0.6192,,0,,no,1508.68,0.6192,0,0,,,
0x2bdc46200e7647595d2e8d85c80887d1a29f7dc0db52aa7da165c772a413fd3e,"Bitcoin Up or Down - February 12, 8:45PM-9:00PM ET",btc-updown-15m-1770947100,crypto,False,,True,2301.0,730.95,3505.87,2894.86,1983.18,2202.86,0.6563,0.2525,0.9088,1983.18,0.0912,no,219.68,0.2525,824.65,180.81,,,
0x7fce2da3f9ae66fef6785f0dd788b83ebdcd1a909bc29df50e2cfe4889d5e546,"Ethereum Up or Down - February 12, 8:45PM-9:00PM ET",eth-updown-15m-1770947100,crypto,False,,True,540.22,306.94,888.65,599.06,858.98,599.06,0.6079,0.5124,1.1203,599.06,-0.1203,yes,259.92,0.6079,13.35,-72.06,,,
0x75419f59c419b98b5926881eb099c4aa55ca968cad5101db096e7176c44f2714,"Bitcoin Up or Down - February 12, 8:50PM-8:55PM ET",btc-updown-5m-1770947400,crypto,False,,True,93.14,63.2,181.48,106.0,181.48,106.0,0.5132,0.5962,1.1094,106.0,-0.1094,yes,75.48,0.5132,0,-11.6,,,
0x021a507688edbab1e3a0a0bd287ae29517b321f7d95fc88fae6a2427bb0604f0,"Bitcoin Up or Down - February 12, 8:45PM-8:50PM ET",btc-updown-5m-1770947100,crypto,False,,True,653.7,23.36,915.04,168.0,915.04,168.0,0.7144,0.139,0.8534,168.0,0.1466,yes,747.04,0.7144,0,24.63,,,
0x9da508aaadbb5fcd3e573271a78d8f44305cbd8823542f260fc6a39373be990b,"Bitcoin Up or Down - February 12, 8:40PM-8:45PM ET",btc-updown-5m-1770946800,crypto,False,,True,588.83,7.09,1112.72,17.29,1112.72,17.29,0.5292,0.41,0.9392,17.29,0.0608,yes,1095.43,0.5292,0,1.05,,,
0x6d142587e597b79c33bac06c91c4f44291010b657ae21c04db90ccb3af5bfb75,"Solana Up or Down - February 12, 8PM ET",solana-up-or-down-february-12-8pm-et,crypto,False,,True,71.11,34.81,87.93,260.43,87.93,260.43,0.8087,0.1337,0.9424,87.93,0.0576,no,172.5,0.1337,0,5.07,,,
0xefd17ef259c382a68886a469533885b38d93cf43c6105ee85fa05639aadcc192,"Bitcoin Up or Down - February 12, 8:35PM-8:40PM ET",btc-updown-5m-1770946500,crypto,False,,True,202.75,197.52,311.31,421.0,311.31,320.0,0.6513,0.4692,1.1205,311.31,-0.1205,no,8.69,0.4692,35.35,-37.5,,,
0xcf1110309a58a5c44155ac9ca2930e74d6a0252ef08201f3fd114bf00bc959a9,"XRP Up or Down - February 12, 8PM ET",xrp-up-or-down-february-12-8pm-et,crypto,False,,True,58.39,102.72,167.36,337.58,167.36,337.58,0.3489,0.3043,0.6532,167.36,0.3468,no,170.22,0.3043,0,58.05,,,
0x94a5afdfee0373af75edc7be11c35aac2cd8ab6e5904d207f400690221dfebe4,"Ethereum Up or Down - February 12, 8:30PM-8:45PM ET",eth-updown-15m-1770946200,crypto,False,,True,251.89,198.36,388.11,579.16,388.11,579.16,0.649,0.3425,0.9915,388.11,0.0085,no,191.05,0.3425,0,3.3,,,
0x54322ca5cbc34b2c82521e1dfb32e96b80efc87ff793e3f86d2f78e1dc809394,"Bitcoin Up or Down - February 12, 8:30PM-8:45PM ET",btc-updown-15m-1770946200,crypto,False,,False,1316.29,0,2118.0,0,2118.0,-386.0,0.6215,0,,0,,yes,2118.0,0.6215,146.68,0,,,
0x28097b05aa1a30909e8c17ba5078f598b0b0d98158cf61c16eed1ea177537c2f,"Bitcoin Up or Down - February 12, 8:30PM-8:35PM ET",btc-updown-5m-1770946200,crypto,False,,True,459.03,68.99,684.01,206.0,684.01,206.0,0.6711,0.3349,1.006,206.0,-0.006,yes,478.01,0.6711,0,-1.23,,,
0x4dc485d6d05b12f92a053ae6f9a99aadc1757da23d02d26be3789e426bad33a5,"Bitcoin Up or Down - February 12, 8:25PM-8:30PM ET",btc-updown-5m-1770945900,crypto,False,,True,222.05,550.53,447.84,1127.72,206.19,915.72,0.4958,0.4882,0.984,206.19,0.016,no,709.53,0.4882,163.25,3.3,,,
0xf1b8d60c2a5045cc0d043bd8c1b54348ba71883704fefcde160ba4c23eba0e9f,"Bitcoin Up or Down - February 12, 8:15PM-8:30PM ET",btc-updown-15m-1770945300,crypto,False,,True,249.94,547.2,1152.02,912.0,1152.02,912.0,0.217,0.6,0.817,912.0,0.183,yes,240.02,0.217,0,166.94,,,
0x399bf7e43a00c969e569e4ab51fb89586ad0eebaca310f3ad4e916ce4a0dfaf2,"Ethereum Up or Down - February 12, 8:15PM-8:30PM ET",eth-updown-15m-1770945300,crypto,False,,False,5.85,0,83.5,0,83.5,0,0.07,0,,0,,yes,83.5,0.07,0,0,,,
0xfb79e7dea0f13ee58f7b0c1cf36977d63598b10eb14fe7d4ddffb64e2b2d4e23,"Bitcoin Up or Down - February 12, 8:20PM-8:25PM ET",btc-updown-5m-1770945600,crypto,False,,True,376.95,191.49,707.0,304.49,490.39,203.49,0.5332,0.6289,1.162,203.49,-0.162,yes,286.9,0.5332,138.27,-32.98,,,
0x20fb56a0090f5b8cd99432d9c8dba52969e99a84ab9ecb788a6a6e587b3e9576,"Bitcoin Up or Down - February 12, 8PM ET",bitcoin-up-or-down-february-12-8pm-et,crypto,False,,False,647.78,0,807.16,0,807.16,0,0.8025,0,,0,,yes,807.16,0.8025,0,0,,,
0xa829dd60bb243c19ef929980366672f0305ffed7d0c3feade77b293e3f482465,"Bitcoin Up or Down - February 12, 8:15PM-8:20PM ET",btc-updown-5m-1770945300,crypto,False,,True,43.24,113.38,110.88,234.02,110.88,224.02,0.39,0.4845,0.8745,110.88,0.1255,no,113.14,0.4845,3.45,13.92,,,
