conditionId,question,coin,window_type,window_start_ts,first_trade_ts,entry_delay_sec,direction_bias,bias_label,mom_1m_pct,mom_5m_pct,mom_15m_pct,bn_price_at_entry,buy_yes_cost,buy_no_cost
0x89c56afa2d5c82bb30a57563f37e4171de51d8c4121a9a06ad9ca0ffc6b4de78,"Ethereum Up or Down - February 13, 3:30AM-3:45AM ET",ETHUSDT,5min,1770971400.0,1770971429,29.0,0.4538,Up偏重,-0.0401,0.0571,-0.0272,1944.74,439.94,165.28
0x6191129cb10edf987b1bb53a835a50805053d649988bc9f5777e4a60f2205a19,"Bitcoin Up or Down - February 13, 3:40AM-3:45AM ET",BTCUSDT,5min,1770972000.0,1770972005,5.0,0.8568,Up偏重,0.0502,0.0029,0.2049,66471.93,259.87,20.04
0xf7a2fbf9cd8e750086069f31827a4f601f10d3a4522d56c70f92acab813cad41,"Solana Up or Down - February 13, 3AM ET",SOLUSDT,1hour,,1770969607,,0.4647,Up偏重,0.0,0.0,0.0,78.91,402.18,146.98
0xaed4c50ed98c6d18b741916b4576035156b948b87b168dba9cba24168053979c,"Bitcoin Up or Down - February 13, 3:30AM-3:45AM ET",BTCUSDT,5min,1770971400.0,1770971427,27.0,0.4368,Up偏重,-0.0208,0.0247,-0.084,66404.18,361.55,141.71
0x04a702ae3250972991f74be2ec2440806a100d3f6dfaf6a89c5a8e19859adfa0,"Bitcoin Up or Down - February 13, 3:35AM-3:40AM ET",BTCUSDT,5min,1770971700.0,1770971713,13.0,0.1,均衡,0.0042,0.0746,0.206,66448.76,126.71,103.68
0xc24cd07c50aa05b360dd5bf8472d21c23c7e1531fe058f66127b361fbdd7e3f0,"Bitcoin Up or Down - February 13, 3:30AM-3:35AM ET",BTCUSDT,5min,1770971400.0,1770971443,43.0,1.0,Up偏重,-0.0507,-0.0265,-0.0893,66400.62,73.14,0.0
0x8b5d0f8304291c2703414bda0563ca98ec3f935a0df9b59b0a2543033c2ba087,"Bitcoin Up or Down - February 13, 3:25AM-3:30AM ET",BTCUSDT,5min,1770971100.0,1770971105,5.0,0.9446,Up偏重,-0.0484,0.0256,-0.1866,66335.99,422.05,12.01
0x25886cce7949de1cc8117a2ff29690ccc52fd0f8f8c69b47f642b5b2485363b9,"Ethereum Up or Down - February 13, 3AM ET",ETHUSDT,1hour,,1770969621,,0.7903,Up偏重,0.0,0.0,0.0,1945.26,262.87,30.79
0x4ae24fa24bbf924eac47de7bd8c2ea593f3c09c660d4b60f0a464351d7b3400b,"Bitcoin Up or Down - February 13, 3:15AM-3:30AM ET",BTCUSDT,5min,1770970500.0,1770970505,5.0,0.3535,Up偏重,0.0,0.0,0.0,66460.01,768.44,367.07
0xddb4da01e8b9298bca7b3159ff9224486ab9e7b8f0da2000860f7ed43ad66265,"Ethereum Up or Down - February 13, 3:15AM-3:30AM ET",ETHUSDT,5min,1770970500.0,1770970509,9.0,0.0876,均衡,0.0,0.0,0.0,1945.26,269.98,226.5
0x46de09171efabc116de5cb944f014790526608535c6755e427e707e76dd6f0ea,"Bitcoin Up or Down - February 13, 3:20AM-3:25AM ET",BTCUSDT,5min,1770970800.0,1770970807,7.0,0.296,Up偏重,0.0754,-0.2224,-0.2224,66312.18,215.68,117.16
0x167922c33de6fbf06b4281e56766a3933788d110f21c6c503f9bc7255c5216c2,"Bitcoin Up or Down - February 13, 3:15AM-3:20AM ET",BTCUSDT,5min,1770970500.0,1770970505,5.0,-0.5693,Down偏重,0.0,0.0,0.0,66460.01,67.56,246.13
0xbce01fa6b9a5823661de8d84afe23a0a97da0e88f030032fc9cb999b8523793d,"Bitcoin Up or Down - February 13, 3:10AM-3:15AM ET",BTCUSDT,5min,1770970200.0,1770970205,5.0,0.9687,Up偏重,0.0,0.0,0.0,66460.01,340.49,5.42
0x95161e1f391213ebf4478cbf05df7c079b29b7bf0e5b97a920a6fd2a8de87f6c,"Ethereum Up or Down - February 13, 3:00AM-3:15AM ET",ETHUSDT,5min,1770969600.0,1770969617,17.0,0.5174,Up偏重,0.0,0.0,0.0,1945.26,374.71,119.17
0xb7a04e484a4e0f4708f5b8ac0f26a08bdbc08c462cf25c1b15391252b5037320,"Bitcoin Up or Down - February 13, 3:00AM-3:15AM ET",BTCUSDT,5min,1770969600.0,1770969613,13.0,-0.4726,Down偏重,0.0,0.0,0.0,66460.01,118.0,329.52
0xf89c41e9f05f20ff5306ea62480a106c89442bde40eca2507df7b72505374391,"Bitcoin Up or Down - February 13, 3:05AM-3:10AM ET",BTCUSDT,5min,1770969900.0,1770969955,55.0,0.5682,Up偏重,0.0,0.0,0.0,66460.01,127.84,35.2
0x22591d8fa7de00d6045d932d57b5e8d17805ae706d996e9f7ccdc4807f22ae67,"Bitcoin Up or Down - February 13, 3:00AM-3:05AM ET",BTCUSDT,5min,1770969600.0,1770969681,81.0,0.7047,Up偏重,0.0,0.0,0.0,66460.01,46.75,8.1
0xfbea880ea255ca7f5132022afbf5a07da03ee289840fc555fb8f5ecc284af147,"Bitcoin Up or Down - February 13, 3AM ET",BTCUSDT,1hour,,1770969637,,1.0,Up偏重,0.0,0.0,0.0,66460.01,29.16,0.0
0xb58b35f22e86d3d05dbd6854eadbc6d3e093e1a4e3a81d983039479ceaa13104,"Bitcoin Up or Down - February 13, 2:55AM-3:00AM ET",BTCUSDT,5min,1770969300.0,1770969345,45.0,-0.936,Down偏重,0.0,0.0,0.0,66460.01,7.52,227.78
0x287c2b592cdfcac870401c77dc0b85610cb57c9a3f64bacb953f172b1e5c96a7,"Ethereum Up or Down - February 13, 2:45AM-3:00AM ET",ETHUSDT,5min,1770968700.0,1770968707,7.0,0.5025,Up偏重,0.0,0.0,0.0,1945.26,233.49,77.31
0x996ce3cb3fe2b585e93ad484e7263f396b19432e8c5b92f3972cb42878e327f4,"Ethereum Up or Down - February 13, 2AM ET",ETHUSDT,1hour,,1770966025,,-0.1938,Down偏重,0.0,0.0,0.0,1926.18,685.85,1015.67
0x3beee638d2c0571c8e14f749fb7307b6675f50208c8edecd0168b11a7de5a5a4,"Bitcoin Up or Down - February 13, 2:45AM-3:00AM ET",BTCUSDT,5min,1770968700.0,1770968707,7.0,-0.3163,Down偏重,0.0,0.0,0.0,66460.01,981.42,1889.28
0xbf3355046565c23ff95968a426e54b422fd2b93484bc9bd3c0cc61511fa9c8ea,"Bitcoin Up or Down - February 13, 2:50AM-2:55AM ET",BTCUSDT,5min,1770969000.0,1770969009,9.0,-0.7581,Down偏重,0.0,0.0,0.0,66460.01,19.75,143.52
0x4da2b287d2acd0c7b4428fd6ec92b328b0600d4e245db7f3a4334cf232886be0,"Solana Up or Down - February 13, 2AM ET",SOLUSDT,1hour,,1770966105,,-0.2297,Down偏重,0.0,0.0,0.0,77.94,266.18,424.96
0xc924e3c068c9ccb6f79224604a2562a01a1c62e427e27747df8a6cc008693459,"Bitcoin Up or Down - February 13, 2:45AM-2:50AM ET",BTCUSDT,5min,1770968700.0,1770968705,5.0,-0.1776,Down偏重,0.0,0.0,0.0,66460.01,396.95,568.43
0xd7c6cb3d28923df23d2c708504993e30ca2103c81f4f8c895c1a1f53857be30d,"Bitcoin Up or Down - February 13, 2:40AM-2:45AM ET",BTCUSDT,5min,1770968400.0,1770968411,11.0,-0.981,Down偏重,0.0,0.0,-0.0501,66460.01,3.92,408.79
0x4e3ac7cd0a9830c2fd52be3e1e7e79f1466aa7207f95717ec98ccad33666fbe0,"Bitcoin Up or Down - February 13, 2AM ET",BTCUSDT,1hour,,1770966025,,0.1803,Up偏重,0.0,0.0,0.0,66055.1,1903.64,1321.99
0xd3ab2bbb1b4b8d452c5162c34feedb9465580eefcb3b03fbaf6c807438daff66,"Ethereum Up or Down - February 13, 2:30AM-2:45AM ET",ETHUSDT,5min,1770967800.0,1770967813,13.0,-0.7481,Down偏重,-0.0057,-0.0847,-0.0493,1945.26,25.54,177.24
0x17ad78ca730d2d7e5d7bb53c754ef9bf7218a51f73dd164585f56bf55029572a,"Bitcoin Up or Down - February 13, 2:35AM-2:40AM ET",BTCUSDT,5min,1770968100.0,1770968107,7.0,-0.6596,Down偏重,0.0,0.0,-0.007,66460.01,65.44,319.11
0xdf79e8e1f4a6cec69c15b52877d75741caf757ee3e3c8e322927e262962efe61,"Bitcoin Up or Down - February 13, 2:30AM-2:45AM ET",BTCUSDT,5min,1770967800.0,1770967811,11.0,-0.9136,Down偏重,-0.0275,-0.0501,-0.0714,66460.01,40.01,886.01
0x011ab78627b84181309c52ab25fa6fdfddaf43c743d3d63a00798f7c080319c0,"Bitcoin Up or Down - February 13, 2:30AM-2:35AM ET",BTCUSDT,5min,1770967800.0,1770967809,9.0,-1.0,Down偏重,-0.0275,-0.0472,-0.0502,66460.01,0.0,665.97
0xca7c286748fb28c89627bf941069d4b1b6eab5fd326057553e5c6d0a91f0e31e,"Bitcoin Up or Down - February 13, 2:25AM-2:30AM ET",BTCUSDT,5min,1770967500.0,1770967505,5.0,-1.0,Down偏重,0.0803,0.029,0.1541,66485.67,0.0,445.55
0x7904ec530e259201365d9c094b3000e891efa1b125e4219de53e502bc0c6bfa0,"Ethereum Up or Down - February 13, 2:15AM-2:30AM ET",ETHUSDT,5min,1770966900.0,1770966911,11.0,-0.2076,Down偏重,-0.095,0.3946,1.0461,1946.34,278.43,424.37
0x14a6df6f5b523abc848fbd3a01f80c90c7bb03e003b2f4d8900178e1c8a96a7d,"Bitcoin Up or Down - February 13, 2:15AM-2:30AM ET",BTCUSDT,5min,1770966900.0,1770966907,7.0,0.4555,Up偏重,-0.0781,0.1827,0.6807,66504.71,633.46,236.99
0xfcdf3e563a6d8da0f629ff055efb7dd938c3304eba289a65a0c5822ad990411a,"Bitcoin Up or Down - February 13, 2:20AM-2:25AM ET",BTCUSDT,5min,1770967200.0,1770967211,11.0,-0.549,Down偏重,-0.0017,-0.0829,-0.033,66452.36,164.31,564.27
0xa5addfc62632dde01e1edff382541dc5a1ab34539e1eb6aee9df1f5d9f9c346b,"Bitcoin Up or Down - February 13, 2:15AM-2:20AM ET",BTCUSDT,5min,1770966900.0,1770966905,5.0,0.4438,Up偏重,-0.0641,0.1968,0.6948,66514.01,589.82,227.23
0x9db7f427af3effbd71a6b6ad9d684cb6e2a98b507d729e06abe8e79bd4580e22,"Bitcoin Up or Down - February 13, 2:10AM-2:15AM ET",BTCUSDT,5min,1770966600.0,1770966611,11.0,0.9758,Up偏重,-0.0081,-0.1118,0.5221,66399.99,412.58,5.05
0x81045cb4766dc733fd38aaf541e2444afd23a49a90254b9fa7382812b7055fc4,"Bitcoin Up or Down - February 13, 2:00AM-2:15AM ET",BTCUSDT,5min,1770966000.0,1770966019,19.0,0.3369,Up偏重,0.0,0.0,0.0,66055.1,2156.31,1069.43
0xf34576c0d2ef1daa05a7be97aaa70c04e2fcc88c162f77150cd60e50a3c67428,"Ethereum Up or Down - February 13, 2:00AM-2:15AM ET",ETHUSDT,5min,1770966000.0,1770966025,25.0,0.6391,Up偏重,0.0,0.0,0.0,1926.18,902.5,198.69
0x5f8c026842e508238a31f3eec92658af2c1ac75c4998f5005d4ba3bbac1e6c66,"Bitcoin Up or Down - February 13, 2:05AM-2:10AM ET",BTCUSDT,5min,1770966300.0,1770966359,59.0,-1.0,Down偏重,-0.042,0.5647,0.5647,66428.11,0.0,191.25
0xc2e6cdf13b697598d1e1d9827cf38afbfe5950dd624622bfcdc55f8dad39f807,"Bitcoin Up or Down - February 13, 2:00AM-2:05AM ET",BTCUSDT,5min,1770966000.0,1770966007,7.0,-0.0108,均衡,0.0,0.0,0.0,66055.1,377.58,385.79
0x0ce2c2dbb36935772571615c195fc818bcffba2c70373f5f29b3c9057be64c6f,"Bitcoin Up or Down - February 13, 1:55AM-2:00AM ET",BTCUSDT,5min,1770965700.0,1770965789,89.0,1.0,Up偏重,0.0,0.0,0.0,66055.1,663.27,0.0
0x3eef4e353a0c15d9ce40ce72be91bae912b98a63cd0b68180ae0d76de32d1684,"Bitcoin Up or Down - February 13, 1AM ET",BTCUSDT,1hour,,1770962407,,-0.1692,Down偏重,0.0,0.0,0.0,66359.99,1959.11,2757.02
0xa894aecd71ba7ebde0b6fbb3e26eb2ae91c33b79bb6eba05acff1835a7f5ba33,"Solana Up or Down - February 13, 1AM ET",SOLUSDT,1hour,,1770963789,,-0.5921,Down偏重,-0.2424,-0.3314,-0.2806,78.19,290.42,1133.68
0xc81165f2f99b17728317265e57c8709f742c395d46cc3353b992f87a479845d0,"Bitcoin Up or Down - February 13, 1:45AM-2:00AM ET",BTCUSDT,5min,1770965100.0,1770965123,23.0,0.2006,Up偏重,0.0,0.0,-0.04,66055.1,517.46,344.58
0x74dcc2b5b15c58db39ee6a52ae61ba6f9064f7b15f384cf75abd61367708ee1d,"Ethereum Up or Down - February 13, 1:45AM-2:00AM ET",ETHUSDT,5min,1770965100.0,1770965109,9.0,-0.3475,Down偏重,0.0,0.0,-0.2134,1926.18,234.82,484.9
0xfb0a13fb7a6db2624d673cfdfbdf3771e8ec990f1b2830ea744017ef356efe61,"Bitcoin Up or Down - February 13, 1:50AM-1:55AM ET",BTCUSDT,5min,1770965400.0,1770965405,5.0,1.0,Up偏重,0.0,0.0,0.0,66055.1,353.19,0.0
0xb2474a1b8d559510feecad02c9be19b218de4208a39fe96e2ed173e39660d7e1,"Bitcoin Up or Down - February 13, 1:45AM-1:50AM ET",BTCUSDT,5min,1770965100.0,1770965109,9.0,0.512,Up偏重,0.0,0.0,-0.0573,66055.1,562.99,181.69
0x1f813b0cff75b3531770b28342f42456753e3df8f1ce99928850a448ad6328a6,"Ethereum Up or Down - February 13, 1AM ET",ETHUSDT,1hour,,1770962479,,-0.377,Down偏重,0.0,0.0,0.0,1939.11,638.2,1410.65
0xe6d67dce6d5b274b8666969df1796edfe888f4755294f08f8cfc7121858d8bcc,"Bitcoin Up or Down - February 13, 1:40AM-1:45AM ET",BTCUSDT,5min,1770964800.0,1770964807,7.0,0.6595,Up偏重,0.0,0.0,-0.0579,66055.1,356.71,73.19
0x4fee2465b60318e23e6d2ad0ac0b0c347ee86866c989f09042b3071f941934ac,"Ethereum Up or Down - February 13, 1:30AM-1:45AM ET",ETHUSDT,5min,1770964200.0,1770964207,7.0,-0.6609,Down偏重,0.0181,-0.0192,-0.2604,1930.16,380.67,1864.32
0xc76d1c928b516be86d8b00634c1ad8bf483609c420a568bd6725cd5571be05f4,"Bitcoin Up or Down - February 13, 1:35AM-1:40AM ET",BTCUSDT,5min,1770964500.0,1770964509,9.0,0.2483,Up偏重,0.0,-0.0573,-0.2821,66055.1,710.96,428.11
0x045c2b42162c80eea56e3a2b7315ac53f2de4f27d7ab707082b12acfd7e79712,"Bitcoin Up or Down - February 13, 1:30AM-1:35AM ET",BTCUSDT,5min,1770964200.0,1770964205,5.0,-0.8746,Down偏重,0.0137,-0.0109,-0.214,66086.14,39.39,588.86
0x37bba2c869687c57019d0c21512f1e209af760acbecd0b463a641ce5d7054505,"Bitcoin Up or Down - February 13, 1:30AM-1:45AM ET",BTCUSDT,5min,1770964200.0,1770964207,7.0,-0.8676,Down偏重,0.0157,-0.0089,-0.2152,66087.49,111.84,1577.83
0x0d42957f5d5bba282277ac7cf1ae80b958a2c27bd61f964dfd7ff0704b360d91,"Bitcoin Up or Down - February 13, 1:25AM-1:30AM ET",BTCUSDT,5min,1770963900.0,1770963909,9.0,-0.4496,Down偏重,0.0654,-0.2243,-0.2277,66093.35,239.95,631.95
0xda2e1823192310c9bb0b9b0abb649bacd3897da064a8f2e7392e1f25d7aae320,"Ethereum Up or Down - February 13, 1:15AM-1:30AM ET",ETHUSDT,5min,1770963300.0,1770963305,5.0,-0.2015,Down偏重,-0.0372,-0.0522,-0.1985,1935.26,745.38,1121.48
0x6f9a3ae61a94617d46be0e2bcb3e1e0ea133380bb933c6bbf545c51ffb6ffba1,"Bitcoin Up or Down - February 13, 1:15AM-1:30AM ET",BTCUSDT,5min,1770963300.0,1770963309,9.0,0.2493,Up偏重,-0.0466,-0.0164,-0.1909,66233.32,1024.55,615.71
0x98040c1ba4e9f156f9d3d8668d0f815b190fcba573db17e3b31911d34ef4e421,"Bitcoin Up or Down - February 13, 1:20AM-1:25AM ET",BTCUSDT,5min,1770963600.0,1770963607,7.0,0.1011,Up偏重,0.0366,0.0251,-0.1709,66246.6,446.4,364.41
0xc44edc8500693e958cab44208908b26362cfac3796117daa7b541c2a421d817c,"Bitcoin Up or Down - February 13, 1:15AM-1:20AM ET",BTCUSDT,5min,1770963300.0,1770963305,5.0,0.5774,Up偏重,-0.0335,-0.0246,-0.1991,66227.89,556.99,149.21
0x6896f7922ba555c8a7d2e2750e587138ecb544f4eb114ef32fbf7b3bf46cc71d,"Bitcoin Up or Down - February 13, 1:10AM-1:15AM ET",BTCUSDT,5min,1770963000.0,1770963005,5.0,-0.0834,均衡,-0.0103,-0.1746,-0.1746,66244.15,301.11,355.91
0x2a534346aadbd86467bd9bb0ecf960e5347add24c294dcdfe58d299f54e1c7d8,"Bitcoin Up or Down - February 13, 1:05AM-1:10AM ET",BTCUSDT,5min,1770962700.0,1770962719,19.0,0.8879,Up偏重,0.0,0.0,0.0,66359.99,779.74,46.29
0x5a40a6cb1b928b0528d992d34a6022cae13fcf745de10dee4d2b7ea333d8e3d1,"Bitcoin Up or Down - February 13, 1:00AM-1:15AM ET",BTCUSDT,5min,1770962400.0,1770962405,5.0,0.4579,Up偏重,0.0,0.0,0.0,66359.99,676.35,251.5
0x6709f67f5b3752a278381975c6bdfe000b2aa65b7abf6e622cc72490419cce28,"Ethereum Up or Down - February 13, 1:00AM-1:15AM ET",ETHUSDT,5min,1770962400.0,1770962405,5.0,-0.1634,Down偏重,0.0,0.0,0.0,1939.11,351.17,488.35
0x6e02ceb12ab1e02e384459c63fbf78a1aab471956e936b168a0d842e797ef927,"Bitcoin Up or Down - February 13, 1:00AM-1:05AM ET",BTCUSDT,5min,1770962400.0,1770962405,5.0,0.2272,Up偏重,0.0,0.0,0.0,66359.99,616.35,388.09
0x4c5bd69e9ffaf81f3582cee416b41028894c0d566d6ff96f1fb98a431c8d60c2,"Bitcoin Up or Down - February 13, 12:55AM-1:00AM ET",BTCUSDT,5min,1770962100.0,1770962107,7.0,-0.9913,Down偏重,0.0,0.0,0.0,66359.99,2.15,494.76
0x0262adc0b35c27c7b5d00211833a131066bf9c75a07be1b5b6eefe13c089b91a,"Bitcoin Up or Down - February 13, 12AM ET",BTCUSDT,1hour,,1770958837,,0.2597,Up偏重,0.0,0.0,0.0,66520.73,1797.3,1056.28
0x2d53648c2e9d3f323e97a0c390cfc12c687079eb1d3fb3d471f8246bf4a0e302,"Solana Up or Down - February 13, 12AM ET",SOLUSDT,1hour,,1770959185,,0.5154,Up偏重,-0.1656,-0.8602,-0.8602,78.38,974.87,311.73
0x5e1bd55e16408fc62950f04825f501845e4f493d56dc58074482d9c587615867,"Bitcoin Up or Down - February 13, 12:45AM-1:00AM ET",BTCUSDT,5min,1770961500.0,1770961509,9.0,0.1298,Up偏重,0.0,0.0,0.0802,66359.99,724.59,558.09
0x3cee4432188643b5dae671087383a5175180dd75beca7a606a85f523b87de980,"Bitcoin Up or Down - February 13, 12:50AM-12:55AM ET",BTCUSDT,5min,1770961800.0,1770961805,5.0,-1.0,Down偏重,0.0,0.0,0.0,66359.99,0.0,357.84
0x506fffb328e7632a3847927619d7235d8b291fdb1e8b801bb68cf653a345c26e,"Ethereum Up or Down - February 13, 12:45AM-1:00AM ET",ETHUSDT,5min,1770961500.0,1770961505,5.0,0.5624,Up偏重,0.0,0.0,0.0036,1939.11,415.6,116.41
0x1349f2ede12f30963fca61bb7900cc9a0adbbeae15ba3d91d9731de358787602,"Ethereum Up or Down - February 13, 12AM ET",ETHUSDT,1hour,,1770958847,,0.2343,Up偏重,0.0,0.0,0.0,1954.89,664.47,412.21
0x2b8aae97087f725757190ffecc0308e367ec040144391edd19e2e8320d6421ad,"Bitcoin Up or Down - February 13, 12:45AM-12:50AM ET",BTCUSDT,5min,1770961500.0,1770961507,7.0,0.1541,Up偏重,0.0,0.0,0.0715,66359.99,395.03,289.57
0xc13bae85f78998d908434139319f58c9de14ce1f02400f807ffd6b466c8d25dd,"Bitcoin Up or Down - February 13, 12:40AM-12:45AM ET",BTCUSDT,5min,1770961200.0,1770961207,7.0,-0.5097,Down偏重,0.0,0.0,0.0483,66359.99,154.02,474.32
0xfeb804da3b1e167beb8ad990c05506cb5f6cbfa3235f58312c88096e81fc2562,"Bitcoin Up or Down - February 13, 12:30AM-12:45AM ET",BTCUSDT,5min,1770960600.0,1770960621,21.0,0.3551,Up偏重,0.0889,0.0088,0.0524,66341.57,310.34,147.7
0x1e0078ad24d569094d292efdeffe8ec3b2c90cce01202d54d32d3e3563f4391e,"Ethereum Up or Down - February 13, 12:30AM-12:45AM ET",ETHUSDT,5min,1770960600.0,1770960681,81.0,-1.0,Down偏重,0.0722,0.0319,0.2411,1941.32,0.0,111.18
0x99cc964043a4a32330ef05597b93c5c6568c765e6ccbb47f6066e824445ca75d,"Bitcoin Up or Down - February 13, 12:35AM-12:40AM ET",BTCUSDT,5min,1770960900.0,1770960915,15.0,0.8777,Up偏重,0.0,0.0556,0.0175,66359.99,371.33,24.19
0x7727c6502b861a43ff4bcc87518d6672b04cd6b6dc1b0c699c77ff2ca53fbb1b,"Bitcoin Up or Down - February 13, 12:30AM-12:35AM ET",BTCUSDT,5min,1770960600.0,1770960617,17.0,1.0,Up偏重,0.0744,-0.0056,0.0222,66331.99,113.59,0.0
0xec1207aa28f6ed6434b443d6c413653fea3fa0fc8063323fdad493882268b920,"Bitcoin Up or Down - February 13, 12:25AM-12:30AM ET",BTCUSDT,5min,1770960300.0,1770960305,5.0,0.0961,均衡,-0.0832,-0.0138,0.0405,66327.99,299.39,246.9
0x90fee6a186fc01928c13b1c98be08463ebb22af5589326287542dd3af4c19639,"Bitcoin Up or Down - February 13, 12:15AM-12:30AM ET",BTCUSDT,5min,1770959700.0,1770959707,7.0,0.1663,Up偏重,-0.0086,-0.0171,-0.3471,66289.8,313.99,224.42
0x66c41f4fc12bf239e0a5209c035dda8ef0ddddb07e0d88f74f97514afb985ad3,"Ethereum Up or Down - February 13, 12:15AM-12:30AM ET",ETHUSDT,5min,1770959700.0,1770959709,9.0,-0.6712,Down偏重,-0.0201,-0.1108,-0.8435,1938.41,100.01,508.35
0x7e30ddfba31f5b6dfbc344c34be27740bd61c56cc7802b71131a3d1ee178b9d2,"Bitcoin Up or Down - February 13, 12:20AM-12:25AM ET",BTCUSDT,5min,1770960000.0,1770960005,5.0,0.3984,Up偏重,0.0288,0.0841,-0.1168,66337.11,260.76,112.19
0xc01a4ef72130fd754b36d893925912c3d2014c2e095e14ab370cbb85aa34d37b,"Bitcoin Up or Down - February 13, 12:15AM-12:20AM ET",BTCUSDT,5min,1770959700.0,1770959705,5.0,0.284,Up偏重,-0.002,-0.0298,-0.3598,66281.39,325.27,181.39
0xcfbaaea56ec780909ffcaf77490504bc872c8644eee7cc94ce4d37f51ba49faf,"Bitcoin Up or Down - February 13, 12:10AM-12:15AM ET",BTCUSDT,5min,1770959400.0,1770959405,5.0,0.1957,Up偏重,0.0312,-0.171,-0.3301,66301.17,228.74,153.87
0xbe75335b1bc42d4720b577bf2763336ab00f4a4bb0dec0ec0f7ac4b8e33a2f50,"Bitcoin Up or Down - February 13, 12:05AM-12:10AM ET",BTCUSDT,5min,1770959100.0,1770959109,9.0,-0.5323,Down偏重,-0.1492,-0.1492,-0.1492,66421.49,24.87,81.46
0x23b1fa96076545c799c229ed510f32b3d8982c23788318e02c2be0717261be54,"Bitcoin Up or Down - February 13, 12:00AM-12:05AM ET",BTCUSDT,5min,1770958800.0,1770958805,5.0,1.0,Up偏重,0.0,0.0,0.0,66520.73,320.18,0.0
0x0b217a9fe8088a51e66a04abe2eaf972fed07491356bfd5c51e8ed012449cdd9,"Ethereum Up or Down - February 12, 11PM ET",ETHUSDT,1hour,,1770955485,,0.2712,Up偏重,0.022,0.0225,0.0072,1953.14,535.59,307.07
0xc1e6108ef7af66de2a15f583ae7411b2d3f231b0753875ef0f1febd46de348b0,"Bitcoin Up or Down - February 12, 11:50PM-11:55PM ET",BTCUSDT,5min,1770958200.0,1770958209,9.0,1.0,Up偏重,0.0,0.0,0.0,66520.73,141.63,0.0
0x2284c6366cf5f76c95e633bae381db55baa84812e882d5eddeb148c38b0e4e56,"Bitcoin Up or Down - February 12, 11:45PM-11:50PM ET",BTCUSDT,5min,1770957900.0,1770957919,19.0,-0.7429,Down偏重,0.0,0.0,0.0,66520.73,46.01,311.96
0xd665b3366c3a79d929be357ab353cdf05e15bf2c54cf3c288ed4a6698d02b4b2,"Bitcoin Up or Down - February 12, 11PM ET",BTCUSDT,1hour,,1770955487,,0.2145,Up偏重,0.0111,-0.0254,-0.0881,66507.36,1112.12,719.32
0x69b898739b4aa5cab4593f3e29bfabdb03779fa3320c578e3cf3c4ce70c9c2d1,"Bitcoin Up or Down - February 12, 11:40PM-11:45PM ET",BTCUSDT,5min,1770957600.0,1770957613,13.0,-0.2568,Down偏重,0.0,0.0,0.0339,66520.73,84.7,143.24
0xbc70b6db4e87fb3fae8bd1845bd2b1f8553d9cc6173d9687f9026aa0b9807567,"Ethereum Up or Down - February 12, 11:30PM-11:45PM ET",ETHUSDT,5min,1770957000.0,1770957005,5.0,0.2661,Up偏重,0.0,0.0865,0.1583,1954.89,555.93,322.26
0xfba4e08d2dcbcd6809aa9cd72c0089a8135a615a291e53c667f5cb778727e2af,"Solana Up or Down - February 12, 11PM ET",SOLUSDT,1hour,,1770955447,,0.2626,Up偏重,-0.1011,0.0506,-0.0253,79.05,101.92,59.52
0x35129e7ee024af7040f030556522db6c1f38480c165f97702a78cee95310b41b,"Bitcoin Up or Down - February 12, 11:30PM-11:45PM ET",BTCUSDT,5min,1770957000.0,1770957005,5.0,-0.445,Down偏重,0.0,0.0339,0.0011,66520.73,423.56,1102.67
0xf3f599b3b2e829908d8cc5a9b3629f98ee434bf583085412871b7384820a6916,"Bitcoin Up or Down - February 12, 11:35PM-11:40PM ET",BTCUSDT,5min,1770957300.0,1770957309,9.0,0.4003,Up偏重,0.0,0.0,-0.1738,66520.73,326.32,139.75
0xbcd12d2bc9bbca56f3cef3fe9dfe65118e9482119ad4c19d1c57477a0daa16de,"Bitcoin Up or Down - February 12, 11:30PM-11:35PM ET",BTCUSDT,5min,1770957000.0,1770957005,5.0,-0.6795,Down偏重,0.0,0.0339,0.0011,66520.73,120.05,629.09
0x66580f82f129832cd422e0c946727d36f94d0448b223d89cda184998a24d6a3c,"Bitcoin Up or Down - February 12, 11:25PM-11:30PM ET",BTCUSDT,5min,1770956700.0,1770956707,7.0,-0.28,Down偏重,-0.0534,-0.2076,0.0189,66498.17,172.37,306.46
0x06cf51eb4111f84cbdca48c989bfd126028d74ea1d0e5b17429cea07adc4a154,"Bitcoin Up or Down - February 12, 11:15PM-11:30PM ET",BTCUSDT,5min,1770956100.0,1770956243,143.0,0.5817,Up偏重,0.066,0.1322,-0.0125,66587.92,904.95,239.35
0xf72423da2acc91005acbfe521d4ff030f8f4d2574d638c8bf62bbc953212a7a5,"Ethereum Up or Down - February 12, 11:15PM-11:30PM ET",ETHUSDT,5min,1770956100.0,1770956151,51.0,0.113,Up偏重,0.0871,0.1416,-0.0752,1952.53,432.71,344.84
0x6ee1fe6b274744cdc8e7394dbf93091504df010010bcbc7e646b3ad98d0ae987,"Bitcoin Up or Down - February 12, 11:20PM-11:25PM ET",BTCUSDT,5min,1770956400.0,1770956417,17.0,-1.0,Down偏重,-0.0282,0.1796,0.2249,66623.48,0.0,485.34
0xcd9f2af3be06c3d7d4c156dda01a3e4223e4a62d707b037f9db2a1248c2d2130,"Bitcoin Up or Down - February 12, 11:15PM-11:20PM ET",BTCUSDT,5min,1770956100.0,1770956107,7.0,-1.0,Down偏重,0.0397,0.0517,-0.0691,66519.99,0.0,181.07
0x6641f2f608df819c1934868d1d29aa22ec4cbb29e0e0adfc5e3822b75f951921,"Bitcoin Up or Down - February 12, 11:10PM-11:15PM ET",BTCUSDT,5min,1770955800.0,1770955805,5.0,-1.0,Down偏重,0.0691,0.0375,-0.0259,66496.04,0.0,161.03
0x7f44767740d816c5ce81cd79b6a76c6b7138fdfc713fb8e4aaed810029dae194,"Ethereum Up or Down - February 12, 11:00PM-11:15PM ET",ETHUSDT,5min,1770955200.0,1770955211,11.0,0.2727,Up偏重,0.0707,0.1045,-0.0512,1953.93,231.64,132.38
0xf5e7d15eb4d7593a2a5d10f5425f7e4e343b7e3c37e80cc20500e358aced1093,"Bitcoin Up or Down - February 12, 11:00PM-11:15PM ET",BTCUSDT,5min,1770955200.0,1770955491,291.0,0.0936,均衡,-0.006,-0.0571,-0.0992,66496.01,767.49,636.11
0x03a51e76fa4244afa81783c95342ecc454adba295e3cc0cd6ee1682a984ed4a0,"Bitcoin Up or Down - February 12, 11:05PM-11:10PM ET",BTCUSDT,5min,1770955500.0,1770955507,7.0,-0.1475,Down偏重,-0.0665,-0.1618,-0.1237,66458.27,188.61,253.85
0x58bc5fde1b370e2474e3505910e35b109ffd17ac7256fc32b60c6d1ff47602f0,"Bitcoin Up or Down - February 12, 11:00PM-11:05PM ET",BTCUSDT,5min,1770955200.0,1770955227,27.0,-1.0,Down偏重,0.1034,0.092,-0.1815,66558.01,0.0,55.46
0x037d52fc1bb3a7ec55817a69c2890a014c1c996de9b88c2b117621a69fecea5f,"Ethereum Up or Down - February 12, 10:45PM-11:00PM ET",ETHUSDT,5min,1770954300.0,1770954307,7.0,0.0265,均衡,-0.0358,0.0292,0.4961,1954.99,393.0,372.7
0x75e80c74c16c4c08982299a5be800fe7161a14ba70e3c3e51da8f551e17b46d2,"Bitcoin Up or Down - February 12, 10:55PM-11:00PM ET",BTCUSDT,5min,1770954900.0,1770954907,7.0,-0.8671,Down偏重,0.0664,-0.0265,-0.2531,66522.95,32.18,452.05
0xa850a7e4892fe623c725010071d942c6112d0c761d5dbf260d7d692e651ee058,"Bitcoin Up or Down - February 12, 10:45PM-11:00PM ET",BTCUSDT,5min,1770954300.0,1770954311,11.0,-0.3729,Down偏重,-0.0557,-0.0011,0.21,66671.43,504.38,1104.11
0xe832f0df23b14a466b73396d9f184355ff7bf6c139927ba2e8b27e808f5ba67d,"Bitcoin Up or Down - February 12, 10:50PM-10:55PM ET",BTCUSDT,5min,1770954600.0,1770954609,9.0,-0.515,Down偏重,-0.0447,-0.1939,-0.1999,66542.17,172.23,537.94
0x69dbfb5b506bbc7a513c1d564e0f736ec1217c41359e26e2d6b138121d79b2a7,"Solana Up or Down - February 12, 10PM ET",SOLUSDT,1hour,,1770951609,,0.2071,Up偏重,0.0,0.0,0.0,78.66,764.49,502.12
0x8d2ae6db2f50ff40f6600041e5e69261836acdc5e275788272878d073d21e5aa,"Ethereum Up or Down - February 12, 10PM ET",ETHUSDT,1hour,,1770951609,,-0.4504,Down偏重,0.0,0.0,0.0,1945.34,185.0,488.22
0x591e7f839606e9611f90723f9055eaca52026665696c2fb1d458afa208c1f6a6,"Bitcoin Up or Down - February 12, 10PM ET",BTCUSDT,1hour,,1770951609,,0.1684,Up偏重,0.0,0.0,0.0,66531.74,2002.58,1425.43
0x4923a55682907be7bbb276eaa038b4c5f731fbafa52376bdf7ac7b2d52e3e6b5,"Bitcoin Up or Down - February 12, 10:45PM-10:50PM ET",BTCUSDT,5min,1770954300.0,1770954307,7.0,-0.0711,均衡,-0.0609,-0.0304,0.21,66671.43,252.47,291.14
0x1ecad00d1aa394f2ac5175135a8c27b36990006f576d3f5c0b8a799129c8bdd8,"Bitcoin Up or Down - February 12, 10:40PM-10:45PM ET",BTCUSDT,5min,1770954000.0,1770954005,5.0,0.125,Up偏重,0.0346,0.0603,0.2434,66693.71,357.66,278.16
0x479e8d56aa08988c6f1b88d01160625ac342a08552145cd672efd33a61091f7e,"Bitcoin Up or Down - February 12, 10:30PM-10:45PM ET",BTCUSDT,5min,1770953400.0,1770953407,7.0,0.0916,均衡,0.0,0.0,0.0,66531.74,1889.76,1572.64
0x30359b5c63c59638577c91ce584bf39cfa41619e930c67c56e7fbe1039a174f9,"Ethereum Up or Down - February 12, 10:30PM-10:45PM ET",ETHUSDT,5min,1770953400.0,1770953405,5.0,0.3067,Up偏重,0.0,0.0,0.0,1945.34,1678.41,890.6
0xfb1f2e26eba99fb4f059276c905d195df06f763543897fe01fe6f77ab403d618,"Bitcoin Up or Down - February 12, 10:35PM-10:40PM ET",BTCUSDT,5min,1770953700.0,1770953711,11.0,-0.2449,Down偏重,-0.0763,0.2125,0.2125,66673.1,99.88,164.67
0x9928c77bfd0f96e0b0761c8161fafcc85b67aee5c5ec92347df65a6635cb4a1a,"Bitcoin Up or Down - February 12, 10:30PM-10:35PM ET",BTCUSDT,5min,1770953400.0,1770953405,5.0,0.7326,Up偏重,0.0,0.0,0.0,66531.74,655.96,101.26
0xed86e2c42425345ee4581bb667b3c8b2f4c83ba27b604381ff1bd0776bbcd6f9,"Bitcoin Up or Down - February 12, 10:15PM-10:30PM ET",BTCUSDT,5min,1770952500.0,1770952513,13.0,0.8439,Up偏重,0.0,0.0,0.0,66531.74,1246.26,105.51
0x9af927eb92dc7de0d62b0d16893c817fd06a570791ede44ed48dc8bc4aa44156,"Bitcoin Up or Down - February 12, 10:25PM-10:30PM ET",BTCUSDT,5min,1770953100.0,1770953105,5.0,0.6416,Up偏重,0.0,0.0,0.0,66531.74,546.83,119.37
0xc86c42ec56f390a453d1c320d709fc69c6dcdaa79d45ae35a652028b3c88523f,"Ethereum Up or Down - February 12, 10:15PM-10:30PM ET",ETHUSDT,5min,1770952500.0,1770952507,7.0,0.2636,Up偏重,0.0,0.0,0.0,1945.34,124.86,72.76
0x440c9b41d52dc939b64d8e53950309d37773bfea69f173ab41b8167b4f0f7a73,"Bitcoin Up or Down - February 12, 10:20PM-10:25PM ET",BTCUSDT,5min,1770952800.0,1770952823,23.0,-0.9715,Down偏重,0.0,0.0,0.0,66531.74,6.86,474.86
0xfc14521fdd04bf4647a906cd4ac839a16509ad7a58c33becf602c6b7ed1fb99d,"Bitcoin Up or Down - February 12, 10:15PM-10:20PM ET",BTCUSDT,5min,1770952500.0,1770952507,7.0,0.0326,均衡,0.0,0.0,0.0,66531.74,553.62,518.62
0x554301a06e6201194af91cda3f9f528452550e629c33defda78ac48acae78157,"Bitcoin Up or Down - February 12, 10:10PM-10:15PM ET",BTCUSDT,5min,1770952200.0,1770952205,5.0,0.501,Up偏重,0.0,0.0,0.0,66531.74,296.7,98.64
0x1e795d284498751b7977f2db43ae58e60cfb28a65c77e577bbb20d9b815ac6ca,"Ethereum Up or Down - February 12, 10:00PM-10:15PM ET",ETHUSDT,5min,1770951600.0,1770951605,5.0,0.3725,Up偏重,0.0,0.0,0.0,1945.34,433.84,198.33
0xd314dbd001cfaf9203f0fa8411cf9295377c21a7d7e3c4ef2cb08aec54ff7520,"Bitcoin Up or Down - February 12, 10:05PM-10:10PM ET",BTCUSDT,5min,1770951900.0,1770951909,9.0,-0.9895,Down偏重,0.0,0.0,0.0,66531.74,3.03,576.57
0xb7ad240be751fea752ee7fb0f6d246dbbe71c0997bb6c7dc25767b6e47e0c0bc,"Bitcoin Up or Down - February 12, 10:00PM-10:15PM ET",BTCUSDT,5min,1770951600.0,1770951607,7.0,0.4404,Up偏重,0.0,0.0,0.0,66531.74,593.37,230.54
0x0e1b703a170b1f8133e77094884038b25655282aac03cf2c0a699be2e9263533,"Bitcoin Up or Down - February 12, 10:00PM-10:05PM ET",BTCUSDT,5min,1770951600.0,1770951605,5.0,0.0759,均衡,0.0,0.0,0.0,66531.74,124.84,107.22
0xf06d986f674ebe514bb1139a162ef9c0c1dc4ddfa3d05ef57a494e499f8132a3,"Bitcoin Up or Down - February 12, 9:55PM-10:00PM ET",BTCUSDT,5min,1770951300.0,1770951323,23.0,0.7987,Up偏重,0.0,0.0,0.0,66531.74,356.03,39.84
0xb6d9148528fb13725c7525bf1297aff1239f0b1b70b632593a5fea9bae5a6208,"Bitcoin Up or Down - February 12, 9:45PM-10:00PM ET",BTCUSDT,5min,1770950700.0,1770950711,11.0,0.1489,Up偏重,0.0,0.0,-0.0262,66531.74,833.22,617.2
0xa5783cfa595b9985e61db3d5a506257fa60ad7c5cfffeb4c0a3719d07f9da365,"Ethereum Up or Down - February 12, 9:45PM-10:00PM ET",ETHUSDT,5min,1770950700.0,1770950717,17.0,-0.1738,Down偏重,0.0,0.0,-0.0914,1945.34,797.85,1133.52
0x80f517f253e045340a5abb619abe269cea76f164d4767b4f5cbe5ff02ea0f89f,"Bitcoin Up or Down - February 12, 9:50PM-9:55PM ET",BTCUSDT,5min,1770951000.0,1770951007,7.0,0.992,Up偏重,0.0,0.0,0.0,66531.74,252.75,1.01
0xc897aaf02197ed2143086c888bb7d0329017f8ee54db463c82e7e854da3217fa,"Ethereum Up or Down - February 12, 9PM ET",ETHUSDT,1hour,,1770948303,,0.3562,Up偏重,0.0216,-0.153,-0.153,1944.59,823.46,390.93
0x56166e99349f6fc03bd0795b479571e4dd89ad7ba77219004db44241258b872d,"Solana Up or Down - February 12, 9PM ET",SOLUSDT,1hour,,1770948043,,-0.0483,均衡,0.0,0.0,0.0,78.48,636.43,701.08
0x0507338d275158305f42f52e9ab6a6e7095bab8f40d1ad82ec37520367e0884f,"Bitcoin Up or Down - February 12, 9:45PM-9:50PM ET",BTCUSDT,5min,1770950700.0,1770950707,7.0,-0.6746,Down偏重,0.0,0.0,-0.0455,66531.74,134.94,694.33
0xc2e8a403d55434e6c8d1213af10652a52dcac6968f16ec7e34d7e6d65b12ba32,"Bitcoin Up or Down - February 12, 9:40PM-9:45PM ET",BTCUSDT,5min,1770950400.0,1770950443,43.0,-0.2652,Down偏重,0.0,0.0,-0.0301,66531.74,119.59,205.93
0x8d2df65bd55135c16f772132dc4e01b6a7281d19ad6c7851ac244a02047d0b89,"Bitcoin Up or Down - February 12, 9:30PM-9:45PM ET",BTCUSDT,5min,1770949800.0,1770949809,9.0,0.3142,Up偏重,-0.0859,-0.0157,0.0665,66549.17,1070.87,558.8
0x1c943cffbe2d08bd545f793e573ff204ba5b22e4ad2b93fec000756cc1e4033c,"Ethereum Up or Down - February 12, 9:30PM-9:45PM ET",ETHUSDT,5min,1770949800.0,1770949819,19.0,0.3215,Up偏重,-0.0169,-0.0934,-0.0277,1946.82,211.77,108.73
0xac9a521dfc8233e78242695759d136824b1d451cb83eb6ff1790e49c00ed94f9,"Bitcoin Up or Down - February 12, 9:35PM-9:40PM ET",BTCUSDT,5min,1770950100.0,1770950107,7.0,-0.5523,Down偏重,0.0,-0.0455,0.0688,66531.74,50.5,175.1
0x096ed3f10259b3dd2fc1f15c404ff0ad5d3be959f96e2283a6f3b88ef1811876,"Bitcoin Up or Down - February 12, 9:30PM-9:35PM ET",BTCUSDT,5min,1770949800.0,1770949809,9.0,0.313,Up偏重,-0.0859,-0.0157,0.0665,66549.17,452.89,236.99
0xea5aa004d2907aacfffb62e601f160d5c1805f37f7565e3e9640b58cff70bb0c,"Bitcoin Up or Down - February 12, 9:15PM-9:30PM ET",BTCUSDT,5min,1770948900.0,1770948907,7.0,0.1086,Up偏重,0.0149,-0.0432,0.1148,66517.23,578.63,465.29
0xd74333eeb92831621ccf8a4bdc9550d93127fc831eb59918bfa7fd05d28ee65e,"Ethereum Up or Down - February 12, 9:15PM-9:30PM ET",ETHUSDT,5min,1770948900.0,1770948907,7.0,-0.2027,Down偏重,-0.0098,-0.0493,-0.0241,1947.09,218.09,328.95
0xae905bcbc5bb47b49886bb22bbc064f740c5f3ada6578266ed1e7a471e52461d,"Bitcoin Up or Down - February 12, 9:25PM-9:30PM ET",BTCUSDT,5min,1770949500.0,1770949507,7.0,0.6736,Up偏重,0.1082,0.1073,0.0171,66557.35,541.79,105.66
0xea317149ff4c675068a8fb0f9e340752da2c058e7cfe43bb7b1c0a761f9661da,"Bitcoin Up or Down - February 12, 9:20PM-9:25PM ET",BTCUSDT,5min,1770949200.0,1770949247,47.0,-0.7337,Down偏重,-0.0874,-0.0875,0.0059,66454.01,59.92,390.14
0xd51c528bc88144086179dfa9f44d75d46a8a7cbddd9a5a0360335735c1ea2086,"Bitcoin Up or Down - February 12, 9:15PM-9:20PM ET",BTCUSDT,5min,1770948900.0,1770948905,5.0,-1.0,Down偏重,0.0279,-0.0302,0.1279,66525.92,0.0,657.13
0x453907070556e6b00b72d6cfb10b6fd24494aad3b7f5187d2d4b14a55ca96e17,"Bitcoin Up or Down - February 12, 9PM ET",BTCUSDT,1hour,,1770948009,,1.0,Up偏重,0.0,0.0,0.0,66440.98,1437.78,0.0
0x007d4b0cb9d1852c60546d5a2bf4771a54602335685f377f215194f223ccde4a,"Bitcoin Up or Down - February 12, 9:10PM-9:15PM ET",BTCUSDT,5min,1770948600.0,1770948635,35.0,-0.25,Down偏重,0.0552,0.1388,0.1393,66533.51,88.88,148.13
0xfa75b0896310f9f9fdd48c01241a236e996453ffeebdb5f8d8938342a9be8f4a,"Bitcoin Up or Down - February 12, 9:00PM-9:15PM ET",BTCUSDT,5min,1770948000.0,1770948007,7.0,0.1658,Up偏重,0.0,0.0,0.0,66440.98,977.74,699.61
0xc552665f6a692b1abfe999a974226c6d9df066774bdfc72957d0b67d41d218fd,"Ethereum Up or Down - February 12, 9:00PM-9:15PM ET",ETHUSDT,5min,1770948000.0,1770948007,7.0,0.3035,Up偏重,0.0,0.0,0.0,1947.57,488.3,260.9
0x467beb59ae402b3a7dd6a6758a4f00e8a3e05125a2f2a4a1c6e1f727ec01d499,"Bitcoin Up or Down - February 12, 9:05PM-9:10PM ET",BTCUSDT,5min,1770948300.0,1770948305,5.0,-0.6161,Down偏重,0.0535,0.0482,0.0482,66472.99,92.74,390.37
0xd49511dad85d1b592f80c4d8de3a010d3800a6f24ab3ca46d4af5ece3b5b0d59,"Bitcoin Up or Down - February 12, 9:00PM-9:05PM ET",BTCUSDT,5min,1770948000.0,1770948005,5.0,-0.1255,Down偏重,0.0,0.0,0.0,66440.98,371.86,478.61
0xef516d6f1159cd32cb1d088c80e5e68f6d10921fca29f3699ef3ba74f51e4bd6,"Bitcoin Up or Down - February 12, 8:55PM-9:00PM ET",BTCUSDT,5min,1770947700.0,1770947709,9.0,-1.0,Down偏重,0.0,0.0,0.0,66440.98,0.0,934.14
0x2bdc46200e7647595d2e8d85c80887d1a29f7dc0db52aa7da165c772a413fd3e,"Bitcoin Up or Down - February 12, 8:45PM-9:00PM ET",BTCUSDT,5min,1770947100.0,1770947113,13.0,0.5178,Up偏重,0.0,0.0,0.29,66440.98,2301.0,730.95
0x7fce2da3f9ae66fef6785f0dd788b83ebdcd1a909bc29df50e2cfe4889d5e546,"Ethereum Up or Down - February 12, 8:45PM-9:00PM ET",ETHUSDT,5min,1770947100.0,1770947113,13.0,0.2754,Up偏重,0.0,0.0,0.3612,1947.57,540.22,306.94
0x75419f59c419b98b5926881eb099c4aa55ca968cad5101db096e7176c44f2714,"Bitcoin Up or Down - February 12, 8:50PM-8:55PM ET",BTCUSDT,5min,1770947400.0,1770947407,7.0,0.1915,Up偏重,0.0,0.0,0.1062,66440.98,93.14,63.2
0x021a507688edbab1e3a0a0bd287ae29517b321f7d95fc88fae6a2427bb0604f0,"Bitcoin Up or Down - February 12, 8:45PM-8:50PM ET",BTCUSDT,5min,1770947100.0,1770947109,9.0,0.931,Up偏重,0.0,0.0,0.29,66440.98,653.7,23.36
0x9da508aaadbb5fcd3e573271a78d8f44305cbd8823542f260fc6a39373be990b,"Bitcoin Up or Down - February 12, 8:40PM-8:45PM ET",BTCUSDT,5min,1770946800.0,1770946811,11.0,0.9762,Up偏重,-0.0289,0.1062,0.4885,66440.98,588.83,7.09
0x6d142587e597b79c33bac06c91c4f44291010b657ae21c04db90ccb3af5bfb75,"Solana Up or Down - February 12, 8PM ET",SOLUSDT,1hour,,1770945575,,0.3427,Up偏重,-0.0382,0.8345,0.8345,78.55,71.11,34.81
0xefd17ef259c382a68886a469533885b38d93cf43c6105ee85fa05639aadcc192,"Bitcoin Up or Down - February 12, 8:35PM-8:40PM ET",BTCUSDT,5min,1770946500.0,1770946507,7.0,0.0131,均衡,0.0173,0.1485,0.1771,66370.49,202.75,197.52
0x94a5afdfee0373af75edc7be11c35aac2cd8ab6e5904d207f400690221dfebe4,"Ethereum Up or Down - February 12, 8:30PM-8:45PM ET",ETHUSDT,5min,1770946200.0,1770946209,9.0,0.1189,Up偏重,-0.069,0.1192,0.3553,1940.59,251.89,198.36
0x54322ca5cbc34b2c82521e1dfb32e96b80efc87ff793e3f86d2f78e1dc809394,"Bitcoin Up or Down - February 12, 8:30PM-8:45PM ET",BTCUSDT,5min,1770946200.0,1770946239,39.0,1.0,Up偏重,0.0837,0.2996,0.4858,66295.99,1316.29,0.0
0x28097b05aa1a30909e8c17ba5078f598b0b0d98158cf61c16eed1ea177537c2f,"Bitcoin Up or Down - February 12, 8:30PM-8:35PM ET",BTCUSDT,5min,1770946200.0,1770946205,5.0,0.7387,Up偏重,0.0694,0.2166,0.4327,66260.95,459.03,68.99
0x4dc485d6d05b12f92a053ae6f9a99aadc1757da23d02d26be3789e426bad33a5,"Bitcoin Up or Down - February 12, 8:25PM-8:30PM ET",BTCUSDT,5min,1770945900.0,1770945905,5.0,-0.4252,Down偏重,-0.0544,-0.1821,0.2157,66117.76,222.05,550.53
0xf1b8d60c2a5045cc0d043bd8c1b54348ba71883704fefcde160ba4c23eba0e9f,"Bitcoin Up or Down - February 12, 8:15PM-8:30PM ET",BTCUSDT,5min,1770945300.0,1770945611,311.0,-0.3729,Down偏重,-0.0085,0.4353,0.4353,66262.67,249.94,547.2
0x399bf7e43a00c969e569e4ab51fb89586ad0eebaca310f3ad4e916ce4a0dfaf2,"Ethereum Up or Down - February 12, 8:15PM-8:30PM ET",ETHUSDT,5min,1770945300.0,1770945845,545.0,1.0,Up偏重,-0.1781,-0.2388,0.2627,1938.8,5.85,0.0
0xfb79e7dea0f13ee58f7b0c1cf36977d63598b10eb14fe7d4ddffb64e2b2d4e23,"Bitcoin Up or Down - February 12, 8:20PM-8:25PM ET",BTCUSDT,5min,1770945600.0,1770945605,5.0,0.3263,Up偏重,-0.0362,0.3985,0.3985,66238.36,376.95,191.49
0x20fb56a0090f5b8cd99432d9c8dba52969e99a84ab9ecb788a6a6e587b3e9576,"Bitcoin Up or Down - February 12, 8PM ET",BTCUSDT,1hour,,1770945611,,1.0,Up偏重,-0.0085,0.4353,0.4353,66262.67,647.78,0.0
0xa829dd60bb243c19ef929980366672f0305ffed7d0c3feade77b293e3f482465,"Bitcoin Up or Down - February 12, 8:15PM-8:20PM ET",BTCUSDT,5min,1770945300.0,1770945503,203.0,-0.4478,Down偏重,0.3833,0.3833,0.3833,66228.36,43.24,113.38
