conditionId,question,coin,window_type,first_trade_ts,bn_price,cl_price,spread_abs,spread_pct,spread_direction,direction_bias,bias_label,mom_1m_pct
0x89c56afa2d5c82bb30a57563f37e4171de51d8c4121a9a06ad9ca0ffc6b4de78,"Ethereum Up or Down - February 13, 3:30AM-3:45AM ET",ETHUSDT,5min,1770971429,1944.735,1943.4189,1.3161,0.067675,BN>CL,0.4538,Up偏重,-0.0401
0x6191129cb10edf987b1bb53a835a50805053d649988bc9f5777e4a60f2205a19,"Bitcoin Up or Down - February 13, 3:40AM-3:45AM ET",BTCUSDT,5min,1770972005,66471.935,66379.78,92.155,0.138637,BN>CL,0.8568,Up偏重,0.0502
0xf7a2fbf9cd8e750086069f31827a4f601f10d3a4522d56c70f92acab813cad41,"Solana Up or Down - February 13, 3AM ET",SOLUSDT,1hour,1770969607,78.915,78.9205,-0.0055,-0.00697,BN<CL,0.4647,Up偏重,0.0
0xaed4c50ed98c6d18b741916b4576035156b948b87b168dba9cba24168053979c,"Bitcoin Up or Down - February 13, 3:30AM-3:45AM ET",BTCUSDT,5min,1770971427,66404.185,66335.8559,68.3291,0.102899,BN>CL,0.4368,Up偏重,-0.0208
0x04a702ae3250972991f74be2ec2440806a100d3f6dfaf6a89c5a8e19859adfa0,"Bitcoin Up or Down - February 13, 3:35AM-3:40AM ET",BTCUSDT,5min,1770971713,66448.765,66411.5773,37.1877,0.055964,BN>CL,0.1,均衡,0.0042
0xc24cd07c50aa05b360dd5bf8472d21c23c7e1531fe058f66127b361fbdd7e3f0,"Bitcoin Up or Down - February 13, 3:30AM-3:35AM ET",BTCUSDT,5min,1770971443,66400.625,66335.8559,64.7691,0.097543,BN>CL,1.0,Up偏重,-0.0507
0x8b5d0f8304291c2703414bda0563ca98ec3f935a0df9b59b0a2543033c2ba087,"Bitcoin Up or Down - February 13, 3:25AM-3:30AM ET",BTCUSDT,5min,1770971105,66335.985,66276.8144,59.1706,0.089198,BN>CL,0.9446,Up偏重,-0.0484
0x25886cce7949de1cc8117a2ff29690ccc52fd0f8f8c69b47f642b5b2485363b9,"Ethereum Up or Down - February 13, 3AM ET",ETHUSDT,1hour,1770969621,1945.265,1934.3326,10.9324,0.562001,BN>CL,0.7903,Up偏重,0.0
0x4ae24fa24bbf924eac47de7bd8c2ea593f3c09c660d4b60f0a464351d7b3400b,"Bitcoin Up or Down - February 13, 3:15AM-3:30AM ET",BTCUSDT,5min,1770970505,66460.005,66229.141,230.864,0.347373,BN>CL,0.3535,Up偏重,0.0
0xddb4da01e8b9298bca7b3159ff9224486ab9e7b8f0da2000860f7ed43ad66265,"Ethereum Up or Down - February 13, 3:15AM-3:30AM ET",ETHUSDT,5min,1770970509,1945.265,1937.1516,8.1134,0.417084,BN>CL,0.0876,均衡,0.0
0x46de09171efabc116de5cb944f014790526608535c6755e427e707e76dd6f0ea,"Bitcoin Up or Down - February 13, 3:20AM-3:25AM ET",BTCUSDT,5min,1770970807,66312.185,66218.4375,93.7475,0.141373,BN>CL,0.296,Up偏重,0.0754
0x167922c33de6fbf06b4281e56766a3933788d110f21c6c503f9bc7255c5216c2,"Bitcoin Up or Down - February 13, 3:15AM-3:20AM ET",BTCUSDT,5min,1770970505,66460.005,66229.141,230.864,0.347373,BN>CL,-0.5693,Down偏重,0.0
0xbce01fa6b9a5823661de8d84afe23a0a97da0e88f030032fc9cb999b8523793d,"Bitcoin Up or Down - February 13, 3:10AM-3:15AM ET",BTCUSDT,5min,1770970205,66460.005,66338.3057,121.6993,0.183117,BN>CL,0.9687,Up偏重,0.0
0x95161e1f391213ebf4478cbf05df7c079b29b7bf0e5b97a920a6fd2a8de87f6c,"Ethereum Up or Down - February 13, 3:00AM-3:15AM ET",ETHUSDT,5min,1770969617,1945.265,1934.3326,10.9324,0.562001,BN>CL,0.5174,Up偏重,0.0
0xb7a04e484a4e0f4708f5b8ac0f26a08bdbc08c462cf25c1b15391252b5037320,"Bitcoin Up or Down - February 13, 3:00AM-3:15AM ET",BTCUSDT,5min,1770969613,66460.005,66163.89,296.115,0.445554,BN>CL,-0.4726,Down偏重,0.0
0xf89c41e9f05f20ff5306ea62480a106c89442bde40eca2507df7b72505374391,"Bitcoin Up or Down - February 13, 3:05AM-3:10AM ET",BTCUSDT,5min,1770969955,66460.005,66311.472,148.533,0.223492,BN>CL,0.5682,Up偏重,0.0
0x22591d8fa7de00d6045d932d57b5e8d17805ae706d996e9f7ccdc4807f22ae67,"Bitcoin Up or Down - February 13, 3:00AM-3:05AM ET",BTCUSDT,5min,1770969681,66460.005,66191.0861,268.9189,0.404633,BN>CL,0.7047,Up偏重,0.0
0xfbea880ea255ca7f5132022afbf5a07da03ee289840fc555fb8f5ecc284af147,"Bitcoin Up or Down - February 13, 3AM ET",BTCUSDT,1hour,1770969637,66460.005,66152.14,307.865,0.463233,BN>CL,1.0,Up偏重,0.0
0xb58b35f22e86d3d05dbd6854eadbc6d3e093e1a4e3a81d983039479ceaa13104,"Bitcoin Up or Down - February 13, 2:55AM-3:00AM ET",BTCUSDT,5min,1770969345,66460.005,66261.4,198.605,0.298834,BN>CL,-0.936,Down偏重,0.0
0x287c2b592cdfcac870401c77dc0b85610cb57c9a3f64bacb953f172b1e5c96a7,"Ethereum Up or Down - February 13, 2:45AM-3:00AM ET",ETHUSDT,5min,1770968707,1945.265,1932.9029,12.3621,0.635496,BN>CL,0.5025,Up偏重,0.0
0x996ce3cb3fe2b585e93ad484e7263f396b19432e8c5b92f3972cb42878e327f4,"Ethereum Up or Down - February 13, 2AM ET",ETHUSDT,1hour,1770966025,1926.185,1935.2054,-9.0204,-0.468302,BN<CL,-0.1938,Down偏重,0.0
0x3beee638d2c0571c8e14f749fb7307b6675f50208c8edecd0168b11a7de5a5a4,"Bitcoin Up or Down - February 13, 2:45AM-3:00AM ET",BTCUSDT,5min,1770968707,66460.005,66100.962,359.043,0.540239,BN>CL,-0.3163,Down偏重,0.0
0xbf3355046565c23ff95968a426e54b422fd2b93484bc9bd3c0cc61511fa9c8ea,"Bitcoin Up or Down - February 13, 2:50AM-2:55AM ET",BTCUSDT,5min,1770969009,66460.005,66054.27,405.735,0.610495,BN>CL,-0.7581,Down偏重,0.0
0x4da2b287d2acd0c7b4428fd6ec92b328b0600d4e245db7f3a4334cf232886be0,"Solana Up or Down - February 13, 2AM ET",SOLUSDT,1hour,1770966105,77.945,78.6186,-0.6736,-0.864163,BN<CL,-0.2297,Down偏重,0.0
0xc924e3c068c9ccb6f79224604a2562a01a1c62e427e27747df8a6cc008693459,"Bitcoin Up or Down - February 13, 2:45AM-2:50AM ET",BTCUSDT,5min,1770968705,66460.005,66100.962,359.043,0.540239,BN>CL,-0.1776,Down偏重,0.0
0xd7c6cb3d28923df23d2c708504993e30ca2103c81f4f8c895c1a1f53857be30d,"Bitcoin Up or Down - February 13, 2:40AM-2:45AM ET",BTCUSDT,5min,1770968411,66460.005,66186.1867,273.8183,0.412005,BN>CL,-0.981,Down偏重,0.0
0x4e3ac7cd0a9830c2fd52be3e1e7e79f1466aa7207f95717ec98ccad33666fbe0,"Bitcoin Up or Down - February 13, 2AM ET",BTCUSDT,1hour,1770966025,66055.095,66308.628,-253.533,-0.383821,BN<CL,0.1803,Up偏重,0.0
0xd3ab2bbb1b4b8d452c5162c34feedb9465580eefcb3b03fbaf6c807438daff66,"Ethereum Up or Down - February 13, 2:30AM-2:45AM ET",ETHUSDT,5min,1770967813,1945.265,1943.8376,1.4274,0.07338,BN>CL,-0.7481,Down偏重,-0.0057
0x17ad78ca730d2d7e5d7bb53c754ef9bf7218a51f73dd164585f56bf55029572a,"Bitcoin Up or Down - February 13, 2:35AM-2:40AM ET",BTCUSDT,5min,1770968107,66460.005,66281.5384,178.4666,0.268532,BN>CL,-0.6596,Down偏重,0.0
0xdf79e8e1f4a6cec69c15b52877d75741caf757ee3e3c8e322927e262962efe61,"Bitcoin Up or Down - February 13, 2:30AM-2:45AM ET",BTCUSDT,5min,1770967811,66460.005,66424.6446,35.3604,0.053206,BN>CL,-0.9136,Down偏重,-0.0275
0x011ab78627b84181309c52ab25fa6fdfddaf43c743d3d63a00798f7c080319c0,"Bitcoin Up or Down - February 13, 2:30AM-2:35AM ET",BTCUSDT,5min,1770967809,66460.005,66424.6446,35.3604,0.053206,BN>CL,-1.0,Down偏重,-0.0275
0xca7c286748fb28c89627bf941069d4b1b6eab5fd326057553e5c6d0a91f0e31e,"Bitcoin Up or Down - February 13, 2:25AM-2:30AM ET",BTCUSDT,5min,1770967505,66485.665,66416.4124,69.2526,0.104162,BN>CL,-1.0,Down偏重,0.0803
0x7904ec530e259201365d9c094b3000e891efa1b125e4219de53e502bc0c6bfa0,"Ethereum Up or Down - February 13, 2:15AM-2:30AM ET",ETHUSDT,5min,1770966911,1946.335,1945.94,0.395,0.020295,BN>CL,-0.2076,Down偏重,-0.095
0x14a6df6f5b523abc848fbd3a01f80c90c7bb03e003b2f4d8900178e1c8a96a7d,"Bitcoin Up or Down - February 13, 2:15AM-2:30AM ET",BTCUSDT,5min,1770966907,66504.705,66481.3936,23.3114,0.035052,BN>CL,0.4555,Up偏重,-0.0781
0xfcdf3e563a6d8da0f629ff055efb7dd938c3304eba289a65a0c5822ad990411a,"Bitcoin Up or Down - February 13, 2:20AM-2:25AM ET",BTCUSDT,5min,1770967211,66452.355,66407.0613,45.2937,0.06816,BN>CL,-0.549,Down偏重,-0.0017
0xa5addfc62632dde01e1edff382541dc5a1ab34539e1eb6aee9df1f5d9f9c346b,"Bitcoin Up or Down - February 13, 2:15AM-2:20AM ET",BTCUSDT,5min,1770966905,66514.015,66481.3936,32.6214,0.049044,BN>CL,0.4438,Up偏重,-0.0641
0x9db7f427af3effbd71a6b6ad9d684cb6e2a98b507d729e06abe8e79bd4580e22,"Bitcoin Up or Down - February 13, 2:10AM-2:15AM ET",BTCUSDT,5min,1770966611,66399.995,66333.0043,66.9907,0.10089,BN>CL,0.9758,Up偏重,-0.0081
0x81045cb4766dc733fd38aaf541e2444afd23a49a90254b9fa7382812b7055fc4,"Bitcoin Up or Down - February 13, 2:00AM-2:15AM ET",BTCUSDT,5min,1770966019,66055.095,66308.628,-253.533,-0.383821,BN<CL,0.3369,Up偏重,0.0
0xf34576c0d2ef1daa05a7be97aaa70c04e2fcc88c162f77150cd60e50a3c67428,"Ethereum Up or Down - February 13, 2:00AM-2:15AM ET",ETHUSDT,5min,1770966025,1926.185,1935.2054,-9.0204,-0.468302,BN<CL,0.6391,Up偏重,0.0
0x5f8c026842e508238a31f3eec92658af2c1ac75c4998f5005d4ba3bbac1e6c66,"Bitcoin Up or Down - February 13, 2:05AM-2:10AM ET",BTCUSDT,5min,1770966359,66428.105,66422.3759,5.7291,0.008624,BN>CL,-1.0,Down偏重,-0.042
0xc2e6cdf13b697598d1e1d9827cf38afbfe5950dd624622bfcdc55f8dad39f807,"Bitcoin Up or Down - February 13, 2:00AM-2:05AM ET",BTCUSDT,5min,1770966007,66055.095,66324.3504,-269.2554,-0.407623,BN<CL,-0.0108,均衡,0.0
0x0ce2c2dbb36935772571615c195fc818bcffba2c70373f5f29b3c9057be64c6f,"Bitcoin Up or Down - February 13, 1:55AM-2:00AM ET",BTCUSDT,5min,1770965789,66055.095,66168.812,-113.717,-0.172155,BN<CL,1.0,Up偏重,0.0
0x3eef4e353a0c15d9ce40ce72be91bae912b98a63cd0b68180ae0d76de32d1684,"Bitcoin Up or Down - February 13, 1AM ET",BTCUSDT,1hour,1770962407,66359.995,66330.4678,29.5272,0.044496,BN>CL,-0.1692,Down偏重,0.0
0xa894aecd71ba7ebde0b6fbb3e26eb2ae91c33b79bb6eba05acff1835a7f5ba33,"Solana Up or Down - February 13, 1AM ET",SOLUSDT,1hour,1770963789,78.185,78.3392,-0.1542,-0.197212,BN<CL,-0.5921,Down偏重,-0.2424
0xc81165f2f99b17728317265e57c8709f742c395d46cc3353b992f87a479845d0,"Bitcoin Up or Down - February 13, 1:45AM-2:00AM ET",BTCUSDT,5min,1770965123,66055.095,66037.4302,17.6648,0.026743,BN>CL,0.2006,Up偏重,0.0
0x74dcc2b5b15c58db39ee6a52ae61ba6f9064f7b15f384cf75abd61367708ee1d,"Ethereum Up or Down - February 13, 1:45AM-2:00AM ET",ETHUSDT,5min,1770965109,1926.185,1928.4718,-2.2868,-0.118723,BN<CL,-0.3475,Down偏重,0.0
0xfb0a13fb7a6db2624d673cfdfbdf3771e8ec990f1b2830ea744017ef356efe61,"Bitcoin Up or Down - February 13, 1:50AM-1:55AM ET",BTCUSDT,5min,1770965405,66055.095,66062.744,-7.649,-0.01158,BN<CL,1.0,Up偏重,0.0
0xb2474a1b8d559510feecad02c9be19b218de4208a39fe96e2ed173e39660d7e1,"Bitcoin Up or Down - February 13, 1:45AM-1:50AM ET",BTCUSDT,5min,1770965109,66055.095,66037.4302,17.6648,0.026743,BN>CL,0.512,Up偏重,0.0
0x1f813b0cff75b3531770b28342f42456753e3df8f1ce99928850a448ad6328a6,"Ethereum Up or Down - February 13, 1AM ET",ETHUSDT,1hour,1770962479,1939.105,1937.8106,1.2944,0.066754,BN>CL,-0.377,Down偏重,0.0
0xe6d67dce6d5b274b8666969df1796edfe888f4755294f08f8cfc7121858d8bcc,"Bitcoin Up or Down - February 13, 1:40AM-1:45AM ET",BTCUSDT,5min,1770964807,66055.095,66066.9168,-11.8218,-0.017897,BN<CL,0.6595,Up偏重,0.0
0x4fee2465b60318e23e6d2ad0ac0b0c347ee86866c989f09042b3071f941934ac,"Ethereum Up or Down - February 13, 1:30AM-1:45AM ET",ETHUSDT,5min,1770964207,1930.155,1929.0,1.155,0.05984,BN>CL,-0.6609,Down偏重,0.0181
0xc76d1c928b516be86d8b00634c1ad8bf483609c420a568bd6725cd5571be05f4,"Bitcoin Up or Down - February 13, 1:35AM-1:40AM ET",BTCUSDT,5min,1770964509,66055.095,66022.9895,32.1055,0.048604,BN>CL,0.2483,Up偏重,0.0
0x045c2b42162c80eea56e3a2b7315ac53f2de4f27d7ab707082b12acfd7e79712,"Bitcoin Up or Down - February 13, 1:30AM-1:35AM ET",BTCUSDT,5min,1770964205,66086.135,66048.0,38.135,0.057705,BN>CL,-0.8746,Down偏重,0.0137
0x37bba2c869687c57019d0c21512f1e209af760acbecd0b463a641ce5d7054505,"Bitcoin Up or Down - February 13, 1:30AM-1:45AM ET",BTCUSDT,5min,1770964207,66087.485,66048.0,39.485,0.059747,BN>CL,-0.8676,Down偏重,0.0157
0x0d42957f5d5bba282277ac7cf1ae80b958a2c27bd61f964dfd7ff0704b360d91,"Bitcoin Up or Down - February 13, 1:25AM-1:30AM ET",BTCUSDT,5min,1770963909,66093.345,66046.7693,46.5757,0.07047,BN>CL,-0.4496,Down偏重,0.0654
0xda2e1823192310c9bb0b9b0abb649bacd3897da064a8f2e7392e1f25d7aae320,"Ethereum Up or Down - February 13, 1:15AM-1:30AM ET",ETHUSDT,5min,1770963305,1935.255,1933.7269,1.5281,0.07896,BN>CL,-0.2015,Down偏重,-0.0372
0x6f9a3ae61a94617d46be0e2bcb3e1e0ea133380bb933c6bbf545c51ffb6ffba1,"Bitcoin Up or Down - February 13, 1:15AM-1:30AM ET",BTCUSDT,5min,1770963309,66233.315,66186.952,46.363,0.069999,BN>CL,0.2493,Up偏重,-0.0466
0x98040c1ba4e9f156f9d3d8668d0f815b190fcba573db17e3b31911d34ef4e421,"Bitcoin Up or Down - February 13, 1:20AM-1:25AM ET",BTCUSDT,5min,1770963607,66246.595,66156.294,90.301,0.13631,BN>CL,0.1011,Up偏重,0.0366
0xc44edc8500693e958cab44208908b26362cfac3796117daa7b541c2a421d817c,"Bitcoin Up or Down - February 13, 1:15AM-1:20AM ET",BTCUSDT,5min,1770963305,66227.885,66196.0001,31.8849,0.048144,BN>CL,0.5774,Up偏重,-0.0335
0x6896f7922ba555c8a7d2e2750e587138ecb544f4eb114ef32fbf7b3bf46cc71d,"Bitcoin Up or Down - February 13, 1:10AM-1:15AM ET",BTCUSDT,5min,1770963005,66244.155,66330.4678,-86.3128,-0.130295,BN<CL,-0.0834,均衡,-0.0103
0x2a534346aadbd86467bd9bb0ecf960e5347add24c294dcdfe58d299f54e1c7d8,"Bitcoin Up or Down - February 13, 1:05AM-1:10AM ET",BTCUSDT,5min,1770962719,66359.995,66330.4678,29.5272,0.044496,BN>CL,0.8879,Up偏重,0.0
0x5a40a6cb1b928b0528d992d34a6022cae13fcf745de10dee4d2b7ea333d8e3d1,"Bitcoin Up or Down - February 13, 1:00AM-1:15AM ET",BTCUSDT,5min,1770962405,66359.995,66330.4678,29.5272,0.044496,BN>CL,0.4579,Up偏重,0.0
0x6709f67f5b3752a278381975c6bdfe000b2aa65b7abf6e622cc72490419cce28,"Ethereum Up or Down - February 13, 1:00AM-1:15AM ET",ETHUSDT,5min,1770962405,1939.105,1937.8106,1.2944,0.066754,BN>CL,-0.1634,Down偏重,0.0
0x6e02ceb12ab1e02e384459c63fbf78a1aab471956e936b168a0d842e797ef927,"Bitcoin Up or Down - February 13, 1:00AM-1:05AM ET",BTCUSDT,5min,1770962405,66359.995,66330.4678,29.5272,0.044496,BN>CL,0.2272,Up偏重,0.0
0x4c5bd69e9ffaf81f3582cee416b41028894c0d566d6ff96f1fb98a431c8d60c2,"Bitcoin Up or Down - February 13, 12:55AM-1:00AM ET",BTCUSDT,5min,1770962107,66359.995,66330.4678,29.5272,0.044496,BN>CL,-0.9913,Down偏重,0.0
0x0262adc0b35c27c7b5d00211833a131066bf9c75a07be1b5b6eefe13c089b91a,"Bitcoin Up or Down - February 13, 12AM ET",BTCUSDT,1hour,1770958837,66520.725,66328.795,191.93,0.288527,BN>CL,0.2597,Up偏重,0.0
0x2d53648c2e9d3f323e97a0c390cfc12c687079eb1d3fb3d471f8246bf4a0e302,"Solana Up or Down - February 13, 12AM ET",SOLUSDT,1hour,1770959185,78.375,78.57,-0.195,-0.248804,BN<CL,0.5154,Up偏重,-0.1656
0x5e1bd55e16408fc62950f04825f501845e4f493d56dc58074482d9c587615867,"Bitcoin Up or Down - February 13, 12:45AM-1:00AM ET",BTCUSDT,5min,1770961509,66359.995,66351.148,8.847,0.013332,BN>CL,0.1298,Up偏重,0.0
0x3cee4432188643b5dae671087383a5175180dd75beca7a606a85f523b87de980,"Bitcoin Up or Down - February 13, 12:50AM-12:55AM ET",BTCUSDT,5min,1770961805,66359.995,66385.6766,-25.6816,-0.0387,BN<CL,-1.0,Down偏重,0.0
0x506fffb328e7632a3847927619d7235d8b291fdb1e8b801bb68cf653a345c26e,"Ethereum Up or Down - February 13, 12:45AM-1:00AM ET",ETHUSDT,5min,1770961505,1939.105,1936.9398,2.1652,0.111661,BN>CL,0.5624,Up偏重,0.0
0x1349f2ede12f30963fca61bb7900cc9a0adbbeae15ba3d91d9731de358787602,"Ethereum Up or Down - February 13, 12AM ET",ETHUSDT,1hour,1770958847,1954.895,1948.915,5.98,0.305899,BN>CL,0.2343,Up偏重,0.0
0x2b8aae97087f725757190ffecc0308e367ec040144391edd19e2e8320d6421ad,"Bitcoin Up or Down - February 13, 12:45AM-12:50AM ET",BTCUSDT,5min,1770961507,66359.995,66351.148,8.847,0.013332,BN>CL,0.1541,Up偏重,0.0
0xc13bae85f78998d908434139319f58c9de14ce1f02400f807ffd6b466c8d25dd,"Bitcoin Up or Down - February 13, 12:40AM-12:45AM ET",BTCUSDT,5min,1770961207,66359.995,66325.5395,34.4555,0.051922,BN>CL,-0.5097,Down偏重,0.0
0xfeb804da3b1e167beb8ad990c05506cb5f6cbfa3235f58312c88096e81fc2562,"Bitcoin Up or Down - February 13, 12:30AM-12:45AM ET",BTCUSDT,5min,1770960621,66341.565,66200.44,141.125,0.212725,BN>CL,0.3551,Up偏重,0.0889
0x1e0078ad24d569094d292efdeffe8ec3b2c90cce01202d54d32d3e3563f4391e,"Ethereum Up or Down - February 13, 12:30AM-12:45AM ET",ETHUSDT,5min,1770960681,1941.315,1936.9398,4.3752,0.225374,BN>CL,-1.0,Down偏重,0.0722
0x99cc964043a4a32330ef05597b93c5c6568c765e6ccbb47f6066e824445ca75d,"Bitcoin Up or Down - February 13, 12:35AM-12:40AM ET",BTCUSDT,5min,1770960915,66359.995,66325.5395,34.4555,0.051922,BN>CL,0.8777,Up偏重,0.0
0x7727c6502b861a43ff4bcc87518d6672b04cd6b6dc1b0c699c77ff2ca53fbb1b,"Bitcoin Up or Down - February 13, 12:30AM-12:35AM ET",BTCUSDT,5min,1770960617,66331.995,66200.44,131.555,0.198328,BN>CL,1.0,Up偏重,0.0744
0xec1207aa28f6ed6434b443d6c413653fea3fa0fc8063323fdad493882268b920,"Bitcoin Up or Down - February 13, 12:25AM-12:30AM ET",BTCUSDT,5min,1770960305,66327.985,66200.44,127.545,0.192294,BN>CL,0.0961,均衡,-0.0832
0x90fee6a186fc01928c13b1c98be08463ebb22af5589326287542dd3af4c19639,"Bitcoin Up or Down - February 13, 12:15AM-12:30AM ET",BTCUSDT,5min,1770959707,66289.805,66228.48,61.325,0.09251,BN>CL,0.1663,Up偏重,-0.0086
0x66c41f4fc12bf239e0a5209c035dda8ef0ddddb07e0d88f74f97514afb985ad3,"Ethereum Up or Down - February 13, 12:15AM-12:30AM ET",ETHUSDT,5min,1770959709,1938.405,1938.7518,-0.3468,-0.017891,BN<CL,-0.6712,Down偏重,-0.0201
0x7e30ddfba31f5b6dfbc344c34be27740bd61c56cc7802b71131a3d1ee178b9d2,"Bitcoin Up or Down - February 13, 12:20AM-12:25AM ET",BTCUSDT,5min,1770960005,66337.115,66200.44,136.675,0.206031,BN>CL,0.3984,Up偏重,0.0288
0xc01a4ef72130fd754b36d893925912c3d2014c2e095e14ab370cbb85aa34d37b,"Bitcoin Up or Down - February 13, 12:15AM-12:20AM ET",BTCUSDT,5min,1770959705,66281.395,66228.48,52.915,0.079834,BN>CL,0.284,Up偏重,-0.002
0xcfbaaea56ec780909ffcaf77490504bc872c8644eee7cc94ce4d37f51ba49faf,"Bitcoin Up or Down - February 13, 12:10AM-12:15AM ET",BTCUSDT,5min,1770959405,66301.165,66228.48,72.685,0.109629,BN>CL,0.1957,Up偏重,0.0312
0xbe75335b1bc42d4720b577bf2763336ab00f4a4bb0dec0ec0f7ac4b8e33a2f50,"Bitcoin Up or Down - February 13, 12:05AM-12:10AM ET",BTCUSDT,5min,1770959109,66421.495,66315.1651,106.3299,0.160084,BN>CL,-0.5323,Down偏重,-0.1492
0x23b1fa96076545c799c229ed510f32b3d8982c23788318e02c2be0717261be54,"Bitcoin Up or Down - February 13, 12:00AM-12:05AM ET",BTCUSDT,5min,1770958805,66520.725,66328.795,191.93,0.288527,BN>CL,1.0,Up偏重,0.0
0x0b217a9fe8088a51e66a04abe2eaf972fed07491356bfd5c51e8ed012449cdd9,"Ethereum Up or Down - February 12, 11PM ET",ETHUSDT,1hour,1770955485,1953.145,1949.8929,3.2521,0.166508,BN>CL,0.2712,Up偏重,0.022
0xc1e6108ef7af66de2a15f583ae7411b2d3f231b0753875ef0f1febd46de348b0,"Bitcoin Up or Down - February 12, 11:50PM-11:55PM ET",BTCUSDT,5min,1770958209,66520.725,66410.4021,110.3229,0.165847,BN>CL,1.0,Up偏重,0.0
0x2284c6366cf5f76c95e633bae381db55baa84812e882d5eddeb148c38b0e4e56,"Bitcoin Up or Down - February 12, 11:45PM-11:50PM ET",BTCUSDT,5min,1770957919,66520.725,66410.4021,110.3229,0.165847,BN>CL,-0.7429,Down偏重,0.0
0xd665b3366c3a79d929be357ab353cdf05e15bf2c54cf3c288ed4a6698d02b4b2,"Bitcoin Up or Down - February 12, 11PM ET",BTCUSDT,1hour,1770955487,66507.355,66513.2291,-5.8741,-0.008832,BN<CL,0.2145,Up偏重,0.0111
0x69b898739b4aa5cab4593f3e29bfabdb03779fa3320c578e3cf3c4ce70c9c2d1,"Bitcoin Up or Down - February 12, 11:40PM-11:45PM ET",BTCUSDT,5min,1770957613,66520.725,66410.4021,110.3229,0.165847,BN>CL,-0.2568,Down偏重,0.0
0xbc70b6db4e87fb3fae8bd1845bd2b1f8553d9cc6173d9687f9026aa0b9807567,"Ethereum Up or Down - February 12, 11:30PM-11:45PM ET",ETHUSDT,5min,1770957005,1954.895,1953.56,1.335,0.06829,BN>CL,0.2661,Up偏重,0.0
0xfba4e08d2dcbcd6809aa9cd72c0089a8135a615a291e53c667f5cb778727e2af,"Solana Up or Down - February 12, 11PM ET",SOLUSDT,1hour,1770955447,79.045,78.973,0.072,0.091037,BN>CL,0.2626,Up偏重,-0.1011
0x35129e7ee024af7040f030556522db6c1f38480c165f97702a78cee95310b41b,"Bitcoin Up or Down - February 12, 11:30PM-11:45PM ET",BTCUSDT,5min,1770957005,66520.725,66590.59,-69.865,-0.105027,BN<CL,-0.445,Down偏重,0.0
0xf3f599b3b2e829908d8cc5a9b3629f98ee434bf583085412871b7384820a6916,"Bitcoin Up or Down - February 12, 11:35PM-11:40PM ET",BTCUSDT,5min,1770957309,66520.725,66378.3647,142.3603,0.214009,BN>CL,0.4003,Up偏重,0.0
0xbcd12d2bc9bbca56f3cef3fe9dfe65118e9482119ad4c19d1c57477a0daa16de,"Bitcoin Up or Down - February 12, 11:30PM-11:35PM ET",BTCUSDT,5min,1770957005,66520.725,66590.59,-69.865,-0.105027,BN<CL,-0.6795,Down偏重,0.0
0x66580f82f129832cd422e0c946727d36f94d0448b223d89cda184998a24d6a3c,"Bitcoin Up or Down - February 12, 11:25PM-11:30PM ET",BTCUSDT,5min,1770956707,66498.175,66590.59,-92.415,-0.138974,BN<CL,-0.28,Down偏重,-0.0534
0x06cf51eb4111f84cbdca48c989bfd126028d74ea1d0e5b17429cea07adc4a154,"Bitcoin Up or Down - February 12, 11:15PM-11:30PM ET",BTCUSDT,5min,1770956243,66587.915,66456.8515,131.0635,0.196828,BN>CL,0.5817,Up偏重,0.066
0xf72423da2acc91005acbfe521d4ff030f8f4d2574d638c8bf62bbc953212a7a5,"Ethereum Up or Down - February 12, 11:15PM-11:30PM ET",ETHUSDT,5min,1770956151,1952.525,1950.4275,2.0975,0.107423,BN>CL,0.113,Up偏重,0.0871
0x6ee1fe6b274744cdc8e7394dbf93091504df010010bcbc7e646b3ad98d0ae987,"Bitcoin Up or Down - February 12, 11:20PM-11:25PM ET",BTCUSDT,5min,1770956417,66623.475,66590.59,32.885,0.049359,BN>CL,-1.0,Down偏重,-0.0282
0xcd9f2af3be06c3d7d4c156dda01a3e4223e4a62d707b037f9db2a1248c2d2130,"Bitcoin Up or Down - February 12, 11:15PM-11:20PM ET",BTCUSDT,5min,1770956107,66519.995,66451.1599,68.8351,0.10348,BN>CL,-1.0,Down偏重,0.0397
0x6641f2f608df819c1934868d1d29aa22ec4cbb29e0e0adfc5e3822b75f951921,"Bitcoin Up or Down - February 12, 11:10PM-11:15PM ET",BTCUSDT,5min,1770955805,66496.035,66421.2066,74.8284,0.112531,BN>CL,-1.0,Down偏重,0.0691
0x7f44767740d816c5ce81cd79b6a76c6b7138fdfc713fb8e4aaed810029dae194,"Ethereum Up or Down - February 12, 11:00PM-11:15PM ET",ETHUSDT,5min,1770955211,1953.935,1949.8929,4.0421,0.206872,BN>CL,0.2727,Up偏重,0.0707
0xf5e7d15eb4d7593a2a5d10f5425f7e4e343b7e3c37e80cc20500e358aced1093,"Bitcoin Up or Down - February 12, 11:00PM-11:15PM ET",BTCUSDT,5min,1770955491,66496.005,66513.2291,-17.2241,-0.025902,BN<CL,0.0936,均衡,-0.006
0x03a51e76fa4244afa81783c95342ecc454adba295e3cc0cd6ee1682a984ed4a0,"Bitcoin Up or Down - February 12, 11:05PM-11:10PM ET",BTCUSDT,5min,1770955507,66458.275,66513.2291,-54.9541,-0.08269,BN<CL,-0.1475,Down偏重,-0.0665
0x58bc5fde1b370e2474e3505910e35b109ffd17ac7256fc32b60c6d1ff47602f0,"Bitcoin Up or Down - February 12, 11:00PM-11:05PM ET",BTCUSDT,5min,1770955227,66558.005,66653.6293,-95.6243,-0.143671,BN<CL,-1.0,Down偏重,0.1034
0x037d52fc1bb3a7ec55817a69c2890a014c1c996de9b88c2b117621a69fecea5f,"Ethereum Up or Down - February 12, 10:45PM-11:00PM ET",ETHUSDT,5min,1770954307,1954.995,1954.5099,0.4851,0.024813,BN>CL,0.0265,均衡,-0.0358
0x75e80c74c16c4c08982299a5be800fe7161a14ba70e3c3e51da8f551e17b46d2,"Bitcoin Up or Down - February 12, 10:55PM-11:00PM ET",BTCUSDT,5min,1770954907,66522.945,66653.6293,-130.6843,-0.19645,BN<CL,-0.8671,Down偏重,0.0664
0xa850a7e4892fe623c725010071d942c6112d0c761d5dbf260d7d692e651ee058,"Bitcoin Up or Down - February 12, 10:45PM-11:00PM ET",BTCUSDT,5min,1770954311,66671.435,66653.6293,17.8057,0.026707,BN>CL,-0.3729,Down偏重,-0.0557
0xe832f0df23b14a466b73396d9f184355ff7bf6c139927ba2e8b27e808f5ba67d,"Bitcoin Up or Down - February 12, 10:50PM-10:55PM ET",BTCUSDT,5min,1770954609,66542.165,66653.6293,-111.4643,-0.167509,BN<CL,-0.515,Down偏重,-0.0447
0x69dbfb5b506bbc7a513c1d564e0f736ec1217c41359e26e2d6b138121d79b2a7,"Solana Up or Down - February 12, 10PM ET",SOLUSDT,1hour,1770951609,78.665,79.1311,-0.4661,-0.592449,BN<CL,0.2071,Up偏重,0.0
0x8d2ae6db2f50ff40f6600041e5e69261836acdc5e275788272878d073d21e5aa,"Ethereum Up or Down - February 12, 10PM ET",ETHUSDT,1hour,1770951609,1945.345,1947.8506,-2.5056,-0.128798,BN<CL,-0.4504,Down偏重,0.0
0x591e7f839606e9611f90723f9055eaca52026665696c2fb1d458afa208c1f6a6,"Bitcoin Up or Down - February 12, 10PM ET",BTCUSDT,1hour,1770951609,66531.745,66600.0,-68.255,-0.10259,BN<CL,0.1684,Up偏重,0.0
0x4923a55682907be7bbb276eaa038b4c5f731fbafa52376bdf7ac7b2d52e3e6b5,"Bitcoin Up or Down - February 12, 10:45PM-10:50PM ET",BTCUSDT,5min,1770954307,66671.435,66653.6293,17.8057,0.026707,BN>CL,-0.0711,均衡,-0.0609
0x1ecad00d1aa394f2ac5175135a8c27b36990006f576d3f5c0b8a799129c8bdd8,"Bitcoin Up or Down - February 12, 10:40PM-10:45PM ET",BTCUSDT,5min,1770954005,66693.705,66588.942,104.763,0.157081,BN>CL,0.125,Up偏重,0.0346
0x479e8d56aa08988c6f1b88d01160625ac342a08552145cd672efd33a61091f7e,"Bitcoin Up or Down - February 12, 10:30PM-10:45PM ET",BTCUSDT,5min,1770953407,66531.745,66503.9425,27.8025,0.041788,BN>CL,0.0916,均衡,0.0
0x30359b5c63c59638577c91ce584bf39cfa41619e930c67c56e7fbe1039a174f9,"Ethereum Up or Down - February 12, 10:30PM-10:45PM ET",ETHUSDT,5min,1770953405,1945.345,1945.5517,-0.2067,-0.010625,BN<CL,0.3067,Up偏重,0.0
0xfb1f2e26eba99fb4f059276c905d195df06f763543897fe01fe6f77ab403d618,"Bitcoin Up or Down - February 12, 10:35PM-10:40PM ET",BTCUSDT,5min,1770953711,66673.095,66680.63,-7.535,-0.011301,BN<CL,-0.2449,Down偏重,-0.0763
0x9928c77bfd0f96e0b0761c8161fafcc85b67aee5c5ec92347df65a6635cb4a1a,"Bitcoin Up or Down - February 12, 10:30PM-10:35PM ET",BTCUSDT,5min,1770953405,66531.745,66503.9425,27.8025,0.041788,BN>CL,0.7326,Up偏重,0.0
0xed86e2c42425345ee4581bb667b3c8b2f4c83ba27b604381ff1bd0776bbcd6f9,"Bitcoin Up or Down - February 12, 10:15PM-10:30PM ET",BTCUSDT,5min,1770952513,66531.745,66503.9425,27.8025,0.041788,BN>CL,0.8439,Up偏重,0.0
0x9af927eb92dc7de0d62b0d16893c817fd06a570791ede44ed48dc8bc4aa44156,"Bitcoin Up or Down - February 12, 10:25PM-10:30PM ET",BTCUSDT,5min,1770953105,66531.745,66503.9425,27.8025,0.041788,BN>CL,0.6416,Up偏重,0.0
0xc86c42ec56f390a453d1c320d709fc69c6dcdaa79d45ae35a652028b3c88523f,"Ethereum Up or Down - February 12, 10:15PM-10:30PM ET",ETHUSDT,5min,1770952507,1945.345,1945.5517,-0.2067,-0.010625,BN<CL,0.2636,Up偏重,0.0
0x440c9b41d52dc939b64d8e53950309d37773bfea69f173ab41b8167b4f0f7a73,"Bitcoin Up or Down - February 12, 10:20PM-10:25PM ET",BTCUSDT,5min,1770952823,66531.745,66503.9425,27.8025,0.041788,BN>CL,-0.9715,Down偏重,0.0
0xfc14521fdd04bf4647a906cd4ac839a16509ad7a58c33becf602c6b7ed1fb99d,"Bitcoin Up or Down - February 12, 10:15PM-10:20PM ET",BTCUSDT,5min,1770952507,66531.745,66503.9425,27.8025,0.041788,BN>CL,0.0326,均衡,0.0
0x554301a06e6201194af91cda3f9f528452550e629c33defda78ac48acae78157,"Bitcoin Up or Down - February 12, 10:10PM-10:15PM ET",BTCUSDT,5min,1770952205,66531.745,66513.03,18.715,0.028129,BN>CL,0.501,Up偏重,0.0
0x1e795d284498751b7977f2db43ae58e60cfb28a65c77e577bbb20d9b815ac6ca,"Ethereum Up or Down - February 12, 10:00PM-10:15PM ET",ETHUSDT,5min,1770951605,1945.345,1947.8506,-2.5056,-0.128798,BN<CL,0.3725,Up偏重,0.0
0xd314dbd001cfaf9203f0fa8411cf9295377c21a7d7e3c4ef2cb08aec54ff7520,"Bitcoin Up or Down - February 12, 10:05PM-10:10PM ET",BTCUSDT,5min,1770951909,66531.745,66672.143,-140.398,-0.211024,BN<CL,-0.9895,Down偏重,0.0
0xb7ad240be751fea752ee7fb0f6d246dbbe71c0997bb6c7dc25767b6e47e0c0bc,"Bitcoin Up or Down - February 12, 10:00PM-10:15PM ET",BTCUSDT,5min,1770951607,66531.745,66600.0,-68.255,-0.10259,BN<CL,0.4404,Up偏重,0.0
0x0e1b703a170b1f8133e77094884038b25655282aac03cf2c0a699be2e9263533,"Bitcoin Up or Down - February 12, 10:00PM-10:05PM ET",BTCUSDT,5min,1770951605,66531.745,66600.0,-68.255,-0.10259,BN<CL,0.0759,均衡,0.0
0xf06d986f674ebe514bb1139a162ef9c0c1dc4ddfa3d05ef57a494e499f8132a3,"Bitcoin Up or Down - February 12, 9:55PM-10:00PM ET",BTCUSDT,5min,1770951323,66531.745,66600.0,-68.255,-0.10259,BN<CL,0.7987,Up偏重,0.0
0xb6d9148528fb13725c7525bf1297aff1239f0b1b70b632593a5fea9bae5a6208,"Bitcoin Up or Down - February 12, 9:45PM-10:00PM ET",BTCUSDT,5min,1770950711,66531.745,66454.6955,77.0495,0.115809,BN>CL,0.1489,Up偏重,0.0
0xa5783cfa595b9985e61db3d5a506257fa60ad7c5cfffeb4c0a3719d07f9da365,"Ethereum Up or Down - February 12, 9:45PM-10:00PM ET",ETHUSDT,5min,1770950717,1945.345,1945.2372,0.1078,0.005539,BN>CL,-0.1738,Down偏重,0.0
0x80f517f253e045340a5abb619abe269cea76f164d4767b4f5cbe5ff02ea0f89f,"Bitcoin Up or Down - February 12, 9:50PM-9:55PM ET",BTCUSDT,5min,1770951007,66531.745,66582.3066,-50.5616,-0.075996,BN<CL,0.992,Up偏重,0.0
0xc897aaf02197ed2143086c888bb7d0329017f8ee54db463c82e7e854da3217fa,"Ethereum Up or Down - February 12, 9PM ET",ETHUSDT,1hour,1770948303,1944.585,1944.776,-0.191,-0.009822,BN<CL,0.3562,Up偏重,0.0216
0x56166e99349f6fc03bd0795b479571e4dd89ad7ba77219004db44241258b872d,"Solana Up or Down - February 12, 9PM ET",SOLUSDT,1hour,1770948043,78.485,78.603,-0.118,-0.150347,BN<CL,-0.0483,均衡,0.0
0x0507338d275158305f42f52e9ab6a6e7095bab8f40d1ad82ec37520367e0884f,"Bitcoin Up or Down - February 12, 9:45PM-9:50PM ET",BTCUSDT,5min,1770950707,66531.745,66454.6955,77.0495,0.115809,BN>CL,-0.6746,Down偏重,0.0
0xc2e8a403d55434e6c8d1213af10652a52dcac6968f16ec7e34d7e6d65b12ba32,"Bitcoin Up or Down - February 12, 9:40PM-9:45PM ET",BTCUSDT,5min,1770950443,66531.745,66454.6955,77.0495,0.115809,BN>CL,-0.2652,Down偏重,0.0
0x8d2df65bd55135c16f772132dc4e01b6a7281d19ad6c7851ac244a02047d0b89,"Bitcoin Up or Down - February 12, 9:30PM-9:45PM ET",BTCUSDT,5min,1770949809,66549.175,66454.6955,94.4795,0.141969,BN>CL,0.3142,Up偏重,-0.0859
0x1c943cffbe2d08bd545f793e573ff204ba5b22e4ad2b93fec000756cc1e4033c,"Ethereum Up or Down - February 12, 9:30PM-9:45PM ET",ETHUSDT,5min,1770949819,1946.815,1945.2372,1.5778,0.081043,BN>CL,0.3215,Up偏重,-0.0169
0xac9a521dfc8233e78242695759d136824b1d451cb83eb6ff1790e49c00ed94f9,"Bitcoin Up or Down - February 12, 9:35PM-9:40PM ET",BTCUSDT,5min,1770950107,66531.745,66454.6955,77.0495,0.115809,BN>CL,-0.5523,Down偏重,0.0
0x096ed3f10259b3dd2fc1f15c404ff0ad5d3be959f96e2283a6f3b88ef1811876,"Bitcoin Up or Down - February 12, 9:30PM-9:35PM ET",BTCUSDT,5min,1770949809,66549.175,66454.6955,94.4795,0.141969,BN>CL,0.313,Up偏重,-0.0859
0xea5aa004d2907aacfffb62e601f160d5c1805f37f7565e3e9640b58cff70bb0c,"Bitcoin Up or Down - February 12, 9:15PM-9:30PM ET",BTCUSDT,5min,1770948907,66517.225,66481.72,35.505,0.053377,BN>CL,0.1086,Up偏重,0.0149
0xd74333eeb92831621ccf8a4bdc9550d93127fc831eb59918bfa7fd05d28ee65e,"Ethereum Up or Down - February 12, 9:15PM-9:30PM ET",ETHUSDT,5min,1770948907,1947.095,1944.776,2.319,0.119101,BN>CL,-0.2027,Down偏重,-0.0098
0xae905bcbc5bb47b49886bb22bbc064f740c5f3ada6578266ed1e7a471e52461d,"Bitcoin Up or Down - February 12, 9:25PM-9:30PM ET",BTCUSDT,5min,1770949507,66557.345,66454.6955,102.6495,0.154227,BN>CL,0.6736,Up偏重,0.1082
0xea317149ff4c675068a8fb0f9e340752da2c058e7cfe43bb7b1c0a761f9661da,"Bitcoin Up or Down - February 12, 9:20PM-9:25PM ET",BTCUSDT,5min,1770949247,66454.005,66454.6955,-0.6905,-0.001039,BN<CL,-0.7337,Down偏重,-0.0874
0xd51c528bc88144086179dfa9f44d75d46a8a7cbddd9a5a0360335735c1ea2086,"Bitcoin Up or Down - February 12, 9:15PM-9:20PM ET",BTCUSDT,5min,1770948905,66525.925,66481.72,44.205,0.066448,BN>CL,-1.0,Down偏重,0.0279
0x453907070556e6b00b72d6cfb10b6fd24494aad3b7f5187d2d4b14a55ca96e17,"Bitcoin Up or Down - February 12, 9PM ET",BTCUSDT,1hour,1770948009,66440.975,66481.72,-40.745,-0.061325,BN<CL,1.0,Up偏重,0.0
0x007d4b0cb9d1852c60546d5a2bf4771a54602335685f377f215194f223ccde4a,"Bitcoin Up or Down - February 12, 9:10PM-9:15PM ET",BTCUSDT,5min,1770948635,66533.515,66481.72,51.795,0.077848,BN>CL,-0.25,Down偏重,0.0552
0xfa75b0896310f9f9fdd48c01241a236e996453ffeebdb5f8d8938342a9be8f4a,"Bitcoin Up or Down - February 12, 9:00PM-9:15PM ET",BTCUSDT,5min,1770948007,66440.975,66481.72,-40.745,-0.061325,BN<CL,0.1658,Up偏重,0.0
0xc552665f6a692b1abfe999a974226c6d9df066774bdfc72957d0b67d41d218fd,"Ethereum Up or Down - February 12, 9:00PM-9:15PM ET",ETHUSDT,5min,1770948007,1947.565,1944.776,2.789,0.143204,BN>CL,0.3035,Up偏重,0.0
0x467beb59ae402b3a7dd6a6758a4f00e8a3e05125a2f2a4a1c6e1f727ec01d499,"Bitcoin Up or Down - February 12, 9:05PM-9:10PM ET",BTCUSDT,5min,1770948305,66472.995,66481.72,-8.725,-0.013126,BN<CL,-0.6161,Down偏重,0.0535
0xd49511dad85d1b592f80c4d8de3a010d3800a6f24ab3ca46d4af5ece3b5b0d59,"Bitcoin Up or Down - February 12, 9:00PM-9:05PM ET",BTCUSDT,5min,1770948005,66440.975,66481.72,-40.745,-0.061325,BN<CL,-0.1255,Down偏重,0.0
0xef516d6f1159cd32cb1d088c80e5e68f6d10921fca29f3699ef3ba74f51e4bd6,"Bitcoin Up or Down - February 12, 8:55PM-9:00PM ET",BTCUSDT,5min,1770947709,66440.975,66481.72,-40.745,-0.061325,BN<CL,-1.0,Down偏重,0.0
0x2bdc46200e7647595d2e8d85c80887d1a29f7dc0db52aa7da165c772a413fd3e,"Bitcoin Up or Down - February 12, 8:45PM-9:00PM ET",BTCUSDT,5min,1770947113,66440.975,66274.644,166.331,0.250344,BN>CL,0.5178,Up偏重,0.0
0x7fce2da3f9ae66fef6785f0dd788b83ebdcd1a909bc29df50e2cfe4889d5e546,"Ethereum Up or Down - February 12, 8:45PM-9:00PM ET",ETHUSDT,5min,1770947113,1947.565,1940.3274,7.2376,0.371622,BN>CL,0.2754,Up偏重,0.0
0x75419f59c419b98b5926881eb099c4aa55ca968cad5101db096e7176c44f2714,"Bitcoin Up or Down - February 12, 8:50PM-8:55PM ET",BTCUSDT,5min,1770947407,66440.975,66274.644,166.331,0.250344,BN>CL,0.1915,Up偏重,0.0
0x021a507688edbab1e3a0a0bd287ae29517b321f7d95fc88fae6a2427bb0604f0,"Bitcoin Up or Down - February 12, 8:45PM-8:50PM ET",BTCUSDT,5min,1770947109,66440.975,66274.644,166.331,0.250344,BN>CL,0.931,Up偏重,0.0
0x9da508aaadbb5fcd3e573271a78d8f44305cbd8823542f260fc6a39373be990b,"Bitcoin Up or Down - February 12, 8:40PM-8:45PM ET",BTCUSDT,5min,1770946811,66440.975,66274.644,166.331,0.250344,BN>CL,0.9762,Up偏重,-0.0289
0x6d142587e597b79c33bac06c91c4f44291010b657ae21c04db90ccb3af5bfb75,"Solana Up or Down - February 12, 8PM ET",SOLUSDT,1hour,1770945575,78.545,78.5013,0.0437,0.055624,BN>CL,0.3427,Up偏重,-0.0382
0xefd17ef259c382a68886a469533885b38d93cf43c6105ee85fa05639aadcc192,"Bitcoin Up or Down - February 12, 8:35PM-8:40PM ET",BTCUSDT,5min,1770946507,66370.495,66089.95,280.545,0.422695,BN>CL,0.0131,均衡,0.0173
0x94a5afdfee0373af75edc7be11c35aac2cd8ab6e5904d207f400690221dfebe4,"Ethereum Up or Down - February 12, 8:30PM-8:45PM ET",ETHUSDT,5min,1770946209,1940.585,1937.6,2.985,0.15382,BN>CL,0.1189,Up偏重,-0.069
0x54322ca5cbc34b2c82521e1dfb32e96b80efc87ff793e3f86d2f78e1dc809394,"Bitcoin Up or Down - February 12, 8:30PM-8:45PM ET",BTCUSDT,5min,1770946239,66295.995,66089.95,206.045,0.310796,BN>CL,1.0,Up偏重,0.0837
0x28097b05aa1a30909e8c17ba5078f598b0b0d98158cf61c16eed1ea177537c2f,"Bitcoin Up or Down - February 12, 8:30PM-8:35PM ET",BTCUSDT,5min,1770946205,66260.945,66089.95,170.995,0.258063,BN>CL,0.7387,Up偏重,0.0694
0x4dc485d6d05b12f92a053ae6f9a99aadc1757da23d02d26be3789e426bad33a5,"Bitcoin Up or Down - February 12, 8:25PM-8:30PM ET",BTCUSDT,5min,1770945905,66117.765,66060.8767,56.8883,0.086041,BN>CL,-0.4252,Down偏重,-0.0544
0xf1b8d60c2a5045cc0d043bd8c1b54348ba71883704fefcde160ba4c23eba0e9f,"Bitcoin Up or Down - February 12, 8:15PM-8:30PM ET",BTCUSDT,5min,1770945611,66262.675,66195.5745,67.1005,0.101264,BN>CL,-0.3729,Down偏重,-0.0085
0x399bf7e43a00c969e569e4ab51fb89586ad0eebaca310f3ad4e916ce4a0dfaf2,"Ethereum Up or Down - February 12, 8:15PM-8:30PM ET",ETHUSDT,5min,1770945845,1938.795,1941.2436,-2.4486,-0.126295,BN<CL,1.0,Up偏重,-0.1781
0xfb79e7dea0f13ee58f7b0c1cf36977d63598b10eb14fe7d4ddffb64e2b2d4e23,"Bitcoin Up or Down - February 12, 8:20PM-8:25PM ET",BTCUSDT,5min,1770945605,66238.355,66195.5745,42.7805,0.064586,BN>CL,0.3263,Up偏重,-0.0362
0x20fb56a0090f5b8cd99432d9c8dba52969e99a84ab9ecb788a6a6e587b3e9576,"Bitcoin Up or Down - February 12, 8PM ET",BTCUSDT,1hour,1770945611,66262.675,66195.5745,67.1005,0.101264,BN>CL,1.0,Up偏重,-0.0085
0xa829dd60bb243c19ef929980366672f0305ffed7d0c3feade77b293e3f482465,"Bitcoin Up or Down - February 12, 8:15PM-8:20PM ET",BTCUSDT,5min,1770945503,66228.365,66195.5745,32.7905,0.049511,BN>CL,-0.4478,Down偏重,0.3833
